# object_id,ra,dec,value1,value2,color,marker_type
123,1.9210081357240743,-0.3246147078159599,fhybt,rkrvo,#c8514f,plus
124,1.1895410529455817,-0.22323063136861132,zmcnq,fejpu,#d4b0bf,circledHollowX
125,1.4974430173330946,-0.23831691295624813,nvuhi,xpbco,#4789f7,hollowPlus
126,1.1619313509229523,-0.4154898097662647,hzvzr,jnuee,#2eb64f,hollowX
127,1.8851505388659044,0.1026723733825502,haqax,vhxnq,#7adcef,hollowAsterisk
128,1.7418177637125574,-0.06536720125975293,twryg,kspgm,#662017,plus
129,1.0896835289037596,0.385115131686368,afdvq,nhtiq,#221907,square
130,1.547129716302262,0.2502773997986165,fpfzf,wvgre,#62fcaf,hollowPlus
131,1.2102624851987382,-0.16494147924310198,pkebh,elixg,#62ec87,x
132,1.2648642797577179,-0.3339521738588972,ivign,ovvex,#ac0487,diamond
133,1.8139511269175026,-0.2061454989395577,xctwd,slmff,#6f6977,dot
134,1.2473125205928655,0.20336046840333277,bjxro,ofplf,#e5ebbf,square
135,1.2031227206359414,-0.4700228413271784,gnmhm,mwjpy,#bdbf8f,pentagon
136,1.5974529645163682,0.23945368589616245,wwccn,lmlkp,#9f414f,asterisk
137,1.0492372239455094,0.4425250193455944,dycyu,bivtd,#4c999f,dot
138,1.5227120152846825,-0.2677796634046996,kbxrx,ycpum,#1409b7,diamond
139,1.9942012708166614,0.30124407453283397,aiwkl,mnzhh,#6ffbc7,diamond
140,1.8490621876298396,0.01139608334872333,renyg,dsmdp,#d782b7,x
141,1.115685203035904,-0.3258266370196363,rlziw,kethj,#8a9d17,triangle
142,1.7873234837184522,-0.4249047231283546,bgvsb,taesk,#4c6d1f,square
143,1.2531065094895508,0.22224847632068834,gzmtp,nowcw,#79a7b7,square
144,1.8023467473939248,0.23562643274877215,nztur,kztot,#3d4d2f,circledHollowPlus
145,1.7388954338793325,-0.21744629610264232,rwzwp,sktqz,#5d2e47,hollowPlus
146,1.79028971502742,-0.4671722223702649,juohh,ziydt,#30528f,circle
147,1.491479513384017,0.3137011346170967,vsdmk,httye,#ea9797,dot
148,1.7055253508230037,-0.4718600605981047,xvqdi,oqkmk,#f2888f,asterisk
149,1.3309300050955726,-0.17530755492846073,dagod,arwgf,#c869bf,square
150,1.5308230259306592,0.22858211039442422,hsuls,qofpl,#5c6fc7,dot
151,1.4558597039198955,-0.37111337473543426,tyggq,krxnh,#150fff,dot
152,1.2675292131790308,0.1918684132772399,sazsu,qgngf,#71e047,circledHollowAsterisk
153,1.1903627778359311,0.4973806377270982,lukio,apeyw,#12e63f,circle
154,1.6313620609290858,-0.30168462282711017,tbdda,fcloj,#9510a7,hollowX
155,1.86533181325481,0.27935846198488734,zcich,pimfs,#1d3fd7,diamond
156,1.3468705176147517,0.10067058664548367,uxrgt,dhote,#79a8af,circle
157,1.489591331176387,0.32602576654108795,lpiwo,ddvvh,#0a2c17,hollowPlus
158,1.1513208674674453,-0.25499106805733895,kabwi,uqiog,#525cff,pentagon
159,1.8250722378030773,0.17719543468610555,lsbcr,axaji,#bccb0f,square
160,1.7841005199337212,0.13149588619010877,pqrfb,mznyj,#71afaf,pentagon
161,1.8113747737674633,0.13850867479475815,sqhtd,fggfm,#2c2207,circledHollowX
162,1.2394035740293416,0.12857670991287018,obzzm,jfuta,#76e117,hollowAsterisk
163,1.5371242726756127,-0.48957398970854604,xnoxi,itjht,#bf4cf7,dot
164,1.869218153642973,0.4879790709129276,aptfq,huxnd,#14fc97,circledHollowX
165,1.9077880473106166,-0.47425171243810293,geoib,qifna,#a9a04f,hollowAsterisk
166,1.9736894257494324,0.14722626002790729,gitnc,qbsuy,#6ab2ff,x
167,1.7895175958959673,-0.3233923340031878,mwbfb,vbuhr,#2ba617,asterisk
168,1.3554583368469053,-0.2760382401043653,tyuba,kmiob,#c7dcff,circledHollowX
169,1.0885033783988534,0.4388333423413131,wajkm,zhtsa,#e12227,square
170,1.592675697241152,-0.2460640472944955,bjfww,zbvep,#05ae5f,hollowAsterisk
171,1.6376468127566564,0.30767963704951995,lzvnr,zvket,#7d0157,circledHollowX
172,1.351710910380071,-0.0772996639527429,njtfj,azdfa,#94ad47,dot
173,1.3365101725051765,-0.2794236441859149,jyaqx,eemof,#85ff1f,circledHollowX
174,1.5460246699898255,-0.4892028577990353,ptfxt,gauqz,#c1c3d7,circledHollowPlus
175,1.6682661729553434,-0.0738428122710405,xfvdd,tdncs,#747fe7,plus
176,1.9828974906398966,-0.41811591824768957,tepku,mxebf,#2866c7,x
177,1.637914659493453,-0.24576008039696284,zrzvu,qvihc,#a8fe07,hollowAsterisk
178,1.757513116611086,-0.1406479843029459,dfwyu,hbvya,#86cf2f,circle
179,1.1655041208103636,0.2330153367948774,fkkpm,lujjo,#86d33f,hollowX
180,1.805660399020908,0.3257358099073052,bzuuv,bnbbh,#c19ba7,plus
181,1.9224562888074312,0.4435261133113352,ecybu,fmhdh,#13ead7,plus
182,1.111492412371324,-0.2371827408201087,tbzxt,nbgsj,#14fbff,pentagon
183,1.9206456711933821,-0.1653273065087234,nenli,bzfae,#b2c10f,circledHollowPlus
184,1.4960917654416204,-0.4500723753303494,quusn,ezubl,#b1bb37,x
185,1.5957266594121076,0.2687447474920881,oajfl,darks,#60190f,hollowX
186,1.0534609243417643,-0.45535590197863096,mdrek,aamzk,#55302f,circledHollowPlus
187,1.0107304146629126,0.43466923300553895,lyrwk,obnmh,#6e23cf,circle
188,1.6033244153596602,0.03491263235676889,uzjcg,wainm,#2de07f,circledHollowPlus
189,1.6902568604594062,-0.29424935065666546,dqzbk,btxcc,#a97b97,dot
190,1.4049575300418091,-0.12896421018385495,yjbmq,vqipu,#e83b8f,diamond
191,1.386314971029911,-0.41256671876125706,hzvln,xyzjw,#97b257,hollowAsterisk
192,1.0296184366204617,0.18498525065673832,jwhkq,vxwsf,#91760f,x
193,1.0699114749175669,-0.1428067320744476,zvjme,lvlxg,#703ed7,x
194,1.1018593783236863,-0.012541528858893702,tdxzg,njrve,#083d7f,circledHollowAsterisk
195,1.8082827217419508,-0.16322317231116523,tgihp,ljfki,#5b9597,hollowPlus
196,1.0036789617125232,-0.36818017908761635,vozgp,lpmes,#304c3f,dot
197,1.6533062183052498,0.2557870668865322,owucz,zubus,#ba242f,plus
198,1.336854025054608,0.2784363610712276,ydhpb,zkvnf,#b31f27,hollowAsterisk
199,1.1347013479786336,0.19629261870442383,dsnzg,uqwgc,#275b27,hollowX
200,1.3482897457876566,-0.07416191176916387,qcoao,qvglt,#3a3777,circle
201,1.304245139719114,0.16830953991363806,hqdsw,yfqhp,#14e197,hollowX
202,1.6183605323189354,-0.43790025345646877,tbqgi,fjagc,#152d27,hollowPlus
203,1.7738126170975486,0.0453638364236324,hsjwp,nyomu,#e9509f,x
204,1.4431045803245852,0.4806315859013234,bhnkh,dxmch,#05bbff,diamond
205,1.1461974713846685,-0.27926375774211554,ihsmc,pwitk,#d9152f,plus
206,1.9612191940252028,-0.2969170304709986,gaefq,autjk,#78eb37,square
207,1.2403116811015842,-0.4287953161144299,jwhwu,iamcw,#55ffff,hollowX
208,1.9444491058040518,-0.18211517205976302,mpjsk,ffegr,#3dde97,hollowPlus
209,1.500446730483666,-0.31481601474962295,gnzdo,xdhjm,#866627,x
210,1.200324314612411,0.47096921315082463,likek,adhad,#305497,dot
211,1.7027562203393762,0.3377150192046887,qbync,jlouq,#c3c017,x
212,1.987863665908018,0.37366820763772113,advfr,wlnvt,#5aee97,diamond
213,1.2667027773116804,0.045608471383170035,salwn,bikzj,#f1f70f,circle
214,1.8004263184878404,-0.05997593110982369,jnsin,mlmiy,#c22e5f,diamond
215,1.4749073785380815,-0.28049485264984,xivvl,zfpsa,#db3147,hollowPlus
216,1.7511167868274002,0.28537250117868507,ldzjh,vvdcp,#cfc95f,x
217,1.0006784119037562,0.017660085068924358,gmjwp,xlntt,#69ff47,hollowX
218,1.913563433197503,-0.48961505652361836,cbcuy,khphx,#24eb17,hollowX
219,1.7566194648007638,-0.1295350412886086,euvxa,bolku,#283acf,plus
220,1.1964215938165923,0.4816427410817976,dwbcj,ealql,#d51587,asterisk
221,1.98598053223375,0.29050645602912084,aicgb,hhada,#acec97,hollowAsterisk
222,1.576407813885381,-0.2620356877808989,incxc,ldzeh,#f64c67,circledHollowPlus
223,1.9486804283345072,0.48082231323336455,enyrg,xujgn,#872c17,circledHollowX
224,1.6783437043374292,0.40799609494169164,xwqzg,wmpua,#0dd33f,diamond
225,1.6911415089473514,0.07738183383758301,xuygd,bdclo,#29cc57,plus
226,1.2194330587572828,0.32178113787659524,yjhxs,cngjz,#6ad6b7,triangle
227,1.1928731278521365,-0.4446065976215009,onpqv,cmenz,#e757c7,triangle
228,1.9906773366055248,-0.46429370812599613,hkxos,mztlj,#50f187,asterisk
229,1.9636157691269869,0.4762274325342565,hvlxm,foijo,#c85f17,asterisk
230,1.8593455323776915,0.06793604420648969,fpuei,bfoix,#6a9f67,square
231,1.4194667713079605,0.16147706810888185,ttvau,uqyhs,#27619f,hollowAsterisk
232,1.7912781366222887,0.12122500688959514,lwypv,crucg,#61837f,x
233,1.9844415352170546,0.28676667298256775,bomnw,jizlu,#dc267f,dot
234,1.3404469971044568,-0.4493464035928365,szdli,tdewa,#7fdd8f,x
235,1.9257742342433875,-0.15310076092539904,bghdr,fcvnk,#3e2c47,hollowX
236,1.8293256508627684,0.3953747354763254,maqwz,lhgog,#cd91b7,pentagon
237,1.2385812385426551,0.0006609535982033954,larua,ndtup,#751ee7,circledHollowPlus
238,1.0978843448590734,-0.46837363785411434,btvhj,jpvqz,#75c707,circledHollowAsterisk
239,1.1817709064124648,-0.46127097263378003,rpbtd,bdnug,#ee90d7,triangle
240,1.2792113702730208,-0.30137741240982796,ojxjq,guldz,#14bec7,plus
241,1.119500223416686,0.15848351757488832,yibha,riwzo,#dd1917,hollowAsterisk
242,1.354678815814486,0.26301742921031224,tkeot,jhixk,#71ed0f,circledHollowPlus
243,1.800981153880497,-0.4978806511927516,kgkui,ndyuq,#0bad0f,asterisk
244,1.5681402886789737,0.19708631422426537,vzkuf,krwkd,#74a997,x
245,1.3913136671363933,-0.03881418678628479,ovbiy,cywri,#82cd17,circledHollowAsterisk
246,1.931088048778735,-0.3136197593668959,pzaak,duxrc,#1743ff,plus
247,1.3687178728902003,0.4496442611738074,ygwgn,qwcfs,#8c6d67,circledHollowPlus
248,1.5880974329519746,-0.20427628455541968,gbsqp,afvvs,#c691e7,diamond
249,1.3149958156562889,-0.046233095621507014,sdzlv,owlur,#e36da7,plus
250,1.6376499623875547,-0.29264728520790007,lstfi,gqhyk,#1fad2f,pentagon
251,1.7346076443762048,-0.06294440375187937,rjjpj,wgftk,#7c0407,circledHollowPlus
252,1.8907553845011889,0.13518950560008147,bqlhe,djjyz,#bbc6cf,asterisk
253,1.290727391395369,-0.13903108371816597,svhts,wvpdm,#18f8df,hollowX
254,1.8879778096520377,0.4927344979993029,oxxwg,tyuim,#7b7c9f,pentagon
255,1.0715691093059367,-0.4275997834218712,cprbt,fspht,#a5299f,hollowAsterisk
256,1.0116778763902678,0.24305205629746762,vvbel,lntvv,#f50447,circledHollowX
257,1.7520398120093208,-0.25923475836034837,zbumv,trdte,#43e38f,plus
258,1.8243606391363518,-0.3965527416669141,vqjss,wlzxw,#0ecc4f,pentagon
259,1.5818663137415223,0.3437564708996709,adrcc,qiubt,#7e2c5f,asterisk
260,1.1896689504787754,-0.33686052817416967,akgic,vdqdp,#6472ef,circledHollowAsterisk
261,1.7389534071243529,0.25355711948276316,ystbp,wsljf,#6d0b37,circledHollowPlus
262,1.750116053835254,-0.03333186810877353,qrpks,opowh,#d25567,circledHollowAsterisk
263,1.22726883528138,-0.4567606306959576,mxzox,qqeko,#da215f,circledHollowX
264,1.768283096185559,0.4922530509839159,qiydg,wlnij,#bdfa9f,circledHollowAsterisk
265,1.7838555594837127,-0.3037585564810741,znmpg,gfewn,#3cdf8f,hollowAsterisk
266,1.884274071703131,0.2399604077744789,lzzmo,yatmb,#537ddf,asterisk
267,1.6021473724297706,0.1645108882361943,qpbsw,shrmx,#bff58f,triangle
268,1.8289599339810239,-0.23388372487046805,ztmoi,xtawk,#6e25b7,pentagon
269,1.497740967988213,-0.2424133439056,kwmaz,himkm,#d553ef,hollowPlus
270,1.8131192498801907,0.1994465737224973,qhdyg,eqdvk,#5a0197,circledHollowPlus
271,1.8241181816652705,-0.2550194171533221,yzbsi,smimr,#9aaff7,hollowPlus
272,1.492518218058549,0.08082261241205602,bbibr,oskga,#7d79e7,x
273,1.2241459542578044,0.4260597522919961,evedl,igwcq,#b3bde7,diamond
274,1.7381172860206933,0.12864335918544223,srofl,vddmr,#26647f,triangle
275,1.4999394254647411,0.20698363659751629,mazpn,ibbpc,#b8c4f7,dot
276,1.2394290926256661,-0.487806764609797,dnkzw,oabwo,#fdefff,dot
277,1.0775850868567394,0.022016444815955216,chzuc,tlrgu,#2cba6f,hollowAsterisk
278,1.7723551533385868,-0.29563840663636354,qfjhq,allil,#e8ab57,plus
279,1.2044485090374153,0.2632709823916839,sakds,mrpej,#ab40f7,circle
280,1.0292809150044295,0.2054957333153803,sujjl,parzw,#4c2077,asterisk
281,1.5078595856445576,0.09435270010865093,sjfrj,fhlzt,#c36ccf,hollowPlus
282,1.5112347751404505,-0.2116901571043085,pvuvu,afprx,#3063c7,plus
283,1.3065838119734696,0.37218398434293753,kdjav,zvrff,#45a01f,dot
284,1.902611677937489,0.14053090480573682,kyxtv,bajbe,#d5f3b7,dot
285,1.202419589835193,-0.23482432779606877,unbkb,ybszw,#db9b17,square
286,1.2549667167623135,-0.015047119172482692,mxexz,pdcfk,#1741af,asterisk
287,1.9827427369276052,0.38775884746827727,jweto,qqbew,#d5df4f,triangle
288,1.1027857613548426,-0.20888013327549593,vovvf,eztnm,#a97f37,x
289,1.2468027150358294,-0.3347813757701211,bjhic,lvyoh,#035c0f,diamond
290,1.2667415228251662,-0.29648326623117505,icqio,ikdht,#c966bf,pentagon
291,1.765273596118134,0.4847710091138965,atjds,kqhlt,#82cc27,triangle
292,1.082667985452495,0.08831958498980297,mqbec,hbnlg,#8ad777,hollowPlus
293,1.6888305617662303,0.30107746068374974,mpfnl,bngsh,#0552a7,circledHollowPlus
294,1.4826707023725785,0.10818924398858787,drnzf,lphtv,#e93917,circledHollowX
295,1.5598668896324777,-0.3473166361329927,vzaao,pybsb,#108b77,dot
296,1.0883205508544609,-0.06972722321817015,fklrh,taafl,#fafef7,diamond
297,1.580188969366837,-0.3946114897944727,sgvms,rshql,#80e2ef,circledHollowPlus
298,1.510728135904119,-0.1488728772328266,zkezy,azvgd,#0e670f,circle
299,1.8381871634571694,0.48475429050234964,lshwc,cxhsx,#9157f7,dot
300,1.6570870905792945,0.14965472549463676,vthwm,fxfks,#ec6377,square
301,1.0537044868962808,-0.49095585176723633,bqtwc,tesug,#3c0aff,plus
302,1.2579197431378772,-0.10973622495656221,sxcnc,kowmn,#3e40ef,circledHollowPlus
303,1.5152988790010973,0.25465309011815906,hrsko,pmztt,#1c214f,asterisk
304,1.0711059442071034,0.19851524716581526,krjab,ajpzr,#cf15bf,asterisk
305,1.89973358758983,-0.39435831469005034,xlnlf,wkqfz,#0eea9f,plus
306,1.5736284154002653,0.1424063553385173,hbokf,nzkiw,#569827,hollowPlus
307,1.6616911029150407,0.26882055378127667,fabxy,vtmzb,#876847,x
308,1.443495801925526,0.21651343342474139,sjtbs,filip,#79fdf7,plus
309,1.4820988009758973,-0.14087178197023908,qddbt,enjnc,#b942f7,dot
310,1.9691322730901604,0.22197828375913375,gynvg,nsjkh,#01b7bf,hollowAsterisk
311,1.302255558607471,0.1587516404321393,hsepl,dewlf,#51461f,triangle
312,1.8838921989227582,0.12991796650655485,oazfg,vactp,#946507,triangle
313,1.1570799251489685,-0.4395802126199193,zebts,icrlg,#3cc777,circle
314,1.8467892576518672,-0.4676432284823411,mufrg,wegfo,#1e3de7,diamond
315,1.8165531115875615,-0.06706958427573972,kpkuf,twutj,#0d08cf,square
316,1.0102525903761035,0.12684661400159658,vkgrn,xcsuv,#7fa03f,hollowAsterisk
317,1.0316529347397734,0.06025728039934619,bvawx,rwtrk,#6079a7,hollowAsterisk
318,1.7305877568367076,-0.470600940374974,ufvro,vrswl,#d80b57,hollowPlus
319,1.8961520403834435,-0.2027574815429234,cuuuc,mimbs,#534c97,hollowPlus
320,1.310168847726879,0.1706803345010076,pcwcw,knlqz,#b05987,pentagon
321,1.925589254682888,0.4668005044029847,dbezq,xrddh,#21f96f,diamond
322,1.2955794416484656,-0.3880617656997978,ebknz,zamzj,#01f5cf,triangle
323,1.869041062679261,-0.314695147430754,jbvtv,gjehl,#619f77,asterisk
324,1.2805815624676649,-0.17771749592671615,hvfyr,snknl,#007007,dot
325,1.2294116389136653,-0.15047052058580423,przog,owuzh,#ac2797,hollowPlus
326,1.2294738912311984,-0.1301785695755724,jqijh,rnyxh,#0557af,hollowX
327,1.136354441835001,-0.06824509544503388,jcxve,zizjw,#3473c7,dot
328,1.8150658761855376,-0.011572345615207924,auoxy,mefrd,#f23a57,hollowAsterisk
329,1.7123410983063554,-0.1624994650243674,xfcav,bhwxy,#9b34ef,circledHollowAsterisk
330,1.584451576424562,0.14631753259633018,cdylo,aubcs,#5ab0a7,circledHollowPlus
331,1.9035132632601648,-0.1528180159055782,zdtsd,mymda,#81db17,plus
332,1.5215887639571581,-0.02427501388723352,taiqf,herpc,#b33a97,square
333,1.3695725346826262,-0.08774052925506715,mbsxh,hwvqy,#8adfe7,pentagon
334,1.205243656517609,0.28649871763718515,xshmc,wrufg,#c6683f,diamond
335,1.6685445066828741,0.3251613550721213,crvda,bihps,#263dcf,circledHollowPlus
336,1.742329697457785,-0.4927696348045254,oucot,chene,#507ea7,hollowX
337,1.870706836693258,-0.38715859041505973,tpxhu,uptmk,#adeaa7,circle
338,1.1104380674334196,-0.06575719692863746,solxp,amhqv,#8ad68f,asterisk
339,1.5575747503032142,0.04687662358556932,gqbxp,lmydc,#7b650f,circledHollowPlus
340,1.299966120320089,-0.09786834353568474,jvhzh,yncth,#741497,hollowX
341,1.4547013185155824,0.41569122787238466,xbzwb,bcgjb,#94e8bf,x
342,1.7596386830463318,0.2983987638186859,fwcem,wxsee,#0b8777,diamond
343,1.2682888626088773,-0.4942476606492977,vmoyv,lfwuv,#da5c1f,asterisk
344,1.1999426934334512,0.03318906509205577,fqyac,vefla,#b2050f,circledHollowAsterisk
345,1.5881602707506959,-0.13244342257408137,cbmmn,xepyj,#29f73f,hollowAsterisk
346,1.9103465961235941,0.3379388981317496,wlddq,fdqie,#c516bf,hollowX
347,1.6485343444558747,0.07967876045175837,hfwqv,shtap,#0d868f,circledHollowPlus
348,1.776895569446744,-0.08939141342435941,tbyor,eauwf,#9253af,circle
349,1.1966820055444445,0.37273492309357925,naook,slwxq,#14cf07,circledHollowPlus
350,1.4044283853095338,-0.02404032301380432,msvot,hdshi,#ad1e4f,dot
351,1.8798491021988293,0.23418510936560988,ioovf,suqej,#8fed0f,circledHollowAsterisk
352,1.0521238253391605,0.25747379534000325,vvzcz,lxioq,#c7c8b7,circledHollowX
353,1.4212590513306615,0.3724260505721033,iriuf,gzcix,#a97a4f,pentagon
354,1.4689331100168186,0.34760670976860797,bbpgc,joaja,#6808ef,hollowPlus
355,1.700097322413915,0.2918482404234086,yktyo,lldhc,#e77dc7,hollowPlus
356,1.0795503270328273,-0.17280000997578637,jcmue,ubunq,#1dbe5f,x
357,1.6839881422245981,-0.24172109404854247,pbdcm,mtsbq,#3cf3cf,x
358,1.0693976954298585,0.23823351679738747,pwpjs,maqoh,#1659ff,pentagon
359,1.3935372053682809,0.17505502328464395,rfocn,yirsu,#d091d7,hollowPlus
360,1.4156034062262548,-0.15027556064859993,ipohc,gquvx,#9d2cdf,hollowX
361,1.5736045286842382,-0.27228244830666626,ezhnf,bxxhn,#0d74b7,diamond
362,1.4053786695038188,-0.029970515512375395,wuflq,mfibc,#297e6f,hollowPlus
363,1.2999999088743954,0.03885860266075358,kkksn,qkhyk,#dbf85f,hollowPlus
364,1.8992842061907802,0.46675182791327274,rnysr,qlxng,#1b63f7,circledHollowAsterisk
365,1.2020363314216502,0.14053963105110268,uulhf,xahdx,#26ad3f,circle
366,1.5840590305287543,0.4422474953614173,jmmhe,puogf,#29d25f,dot
367,1.6792299970691165,-0.27889021960751226,lzdpz,zlsoa,#04fa97,circledHollowPlus
368,1.5048133200036413,0.07902214582815481,gcgvt,agppr,#0af2a7,asterisk
369,1.720348524614453,-0.24656403233226643,ehfoi,zzkpx,#ca2937,circledHollowX
370,1.040352868166421,0.0953773253183261,nccvr,ywszg,#0c8107,circledHollowAsterisk
371,1.2636966968933179,-0.11048344285972889,pbwnf,xtpwh,#6de3e7,circledHollowPlus
372,1.8966991025896278,0.15328193865969097,posce,fpszv,#2f8c9f,diamond
373,1.1810426136535228,0.26248838446092604,ekplm,ezgph,#c94c6f,hollowAsterisk
374,1.492841541803366,-0.2999439820118832,hwzys,fxtjy,#f7cf2f,plus
375,1.2611819866008733,0.42547791877141017,tzibg,cxmpx,#30517f,circledHollowX
376,1.7877310969110285,0.3440441909939953,gvuoq,icmpf,#7cf897,hollowX
377,1.0268786204419307,-0.31236910716326427,hfmjs,zundl,#4b6137,asterisk
378,1.3243182171217596,-0.2502336627798496,zcbge,wbgoh,#018b8f,hollowPlus
379,1.4084953616492546,-0.09284781476173343,hycau,xybcy,#95bc17,circledHollowPlus
380,1.015854606946481,0.4279118532860061,msezv,fiekh,#817547,hollowPlus
381,1.8797586069442396,0.2893618240636703,bjfuv,eduzc,#928357,triangle
382,1.0392287634930972,-0.25454053963490353,mbsgr,bbgta,#7aa2ff,hollowPlus
383,1.5251569369387217,0.10601903373491628,xvvxs,adohm,#193347,plus
384,1.8379781131236275,-0.12574228248614605,vmitb,wimlf,#baabf7,hollowAsterisk
385,1.679080329048694,0.4047896538581063,pspoa,zxzzz,#407e97,x
386,1.178177339241767,-0.2507781793560613,xbsgc,gzlrl,#9d1c97,square
387,1.017595462790466,-0.1650425934325136,zevwe,ikhhp,#a6fe9f,hollowPlus
388,1.7685318664829124,0.30185038090233474,zxvrm,mbdll,#feefef,asterisk
389,1.7833881236752995,0.08077484140876645,lshxt,ugxkr,#dc5fd7,circle
390,1.870696044900812,0.4005120445850041,hjrde,skzmk,#67f797,hollowAsterisk
391,1.6432157187024694,0.011981184964071079,eessz,hgxnw,#e3993f,dot
392,1.239564858000906,-0.1506595299748763,ndcqc,wmnkj,#b88a9f,circledHollowAsterisk
393,1.671376814403433,0.47427543471209277,uiynt,wbags,#b04e8f,circledHollowPlus
394,1.7782842027831192,-0.2544505242840406,omhvs,psprq,#2c0d8f,hollowX
395,1.6836330017351995,-0.04823362223012895,wtmwt,apirs,#d2d03f,pentagon
396,1.6658451788506365,0.2539371473875699,cwvln,wbjlz,#80b017,dot
397,1.2139673699943052,-0.17106529423413752,rlnme,cpgfp,#0dc09f,circledHollowX
398,1.866294670081178,0.37580863609405146,mport,izyzb,#22791f,plus
399,1.1449416928884488,0.4380887648491746,symyi,iijmd,#594c3f,circledHollowPlus
400,1.1859673624605689,-0.26189280221978006,jpvlt,sickq,#80c117,circledHollowPlus
401,1.7606266744936483,0.4971855964404891,bnhog,nbhjm,#825d07,hollowPlus
402,1.081137864141841,0.3590431763251405,soyss,nunly,#84bc87,asterisk
403,1.2339349849709245,-0.3801439385996971,tyajj,pilcf,#15226f,hollowAsterisk
404,1.2234536021970568,-0.4412561074651874,vlvhs,brhni,#6e60ff,hollowAsterisk
405,1.6162291246434228,-0.13570881835064352,rwroy,wffyn,#8fc8b7,dot
406,1.0213358471940701,0.11631646394612094,zclrb,gblea,#267747,asterisk
407,1.4822572874652682,0.46341070654913763,kbpdh,mrbvj,#707ea7,circledHollowX
408,1.332815454726572,-0.3875511125814569,mtcsd,mufml,#190dcf,diamond
409,1.4195925013565738,-0.409672481991294,fnxfo,alrnt,#b204ff,plus
410,1.413856819982652,0.2585753787185793,lvvjf,rllti,#702ef7,plus
411,1.995895465897605,-0.15056067859607625,ldesm,bxksh,#327f27,pentagon
412,1.811276914026545,-0.16144258171595782,uypxd,djouk,#13f0af,hollowX
413,1.2506325603321957,0.16563727682481932,pxnxq,qrtra,#adcaef,plus
414,1.8263067576390148,0.48201421799339794,emhrk,qksvz,#ab1c47,diamond
415,1.8758993179594405,0.354943854386777,xqcnf,xvpem,#f0027f,triangle
416,1.1445172540911228,0.30920593117306017,hkvks,qfvjx,#d5bd37,plus
417,1.411947545328831,-0.4727403747654607,tlmhk,itdbm,#3650f7,diamond
418,1.6020520318506657,-0.41556193823195664,nugwb,ezqns,#d7083f,dot
419,1.8384591739409242,0.04981640655326003,rqhdt,hubps,#0134bf,asterisk
420,1.0226519011597044,0.21842402433803554,pqdjp,cgaae,#bc4267,dot
421,1.705250840850058,0.34663495667547206,dfvud,kwtmr,#1de34f,asterisk
422,1.1626474672409313,-0.44610103666162193,fhbsj,bonmp,#bd973f,x
423,1.4302698713044446,0.2794810906967047,auefl,xxjam,#6b829f,plus
424,1.3423750893980717,0.10508317485089402,lmzgc,yvjuy,#a7bb4f,x
425,1.4299567511631308,0.14908250270545098,gjmjt,wltej,#a9d4bf,triangle
426,1.7077190120891967,-0.38064682259316784,ozelp,eepmf,#d5d53f,hollowX
427,1.7382067903470046,-0.3581809135767945,arbzn,ofwam,#37ca17,hollowX
428,1.9521349603365272,-0.3223405757947455,guvxc,vlrtz,#fdaa07,hollowPlus
429,1.6699704517481706,-0.3386636195188202,jzafd,pmepu,#6b2a8f,circledHollowX
430,1.6005627372557936,0.06369144647142677,wobqu,nprrk,#4fe197,dot
431,1.4425036343694808,-0.360143533684649,ciola,yuxuj,#0a9a87,diamond
432,1.714209910479335,0.3655442763108001,mfjer,rrwlz,#68ac4f,circle
433,1.320763919344785,0.38030971014522674,hlzuu,biyjl,#583727,pentagon
434,1.0951805202798863,0.4917618969343117,vpgwj,skgty,#f4a19f,circledHollowPlus
435,1.649907921385457,0.08658478528345859,enazk,lmcnd,#8fa0d7,circledHollowAsterisk
436,1.682300520911185,-0.24950851540785657,eqsrr,kubvm,#fc146f,diamond
437,1.7518244785488546,0.48978333492947157,rgkwl,rqhvf,#c6d867,square
438,1.7831343678015688,-0.36629018560419624,eljne,qrtci,#98965f,circledHollowAsterisk
439,1.6363308499296618,0.4913897639937129,yokth,vqpqk,#5f315f,circledHollowAsterisk
440,1.7811254304573123,-0.39661781511139993,zsveq,fbqtp,#cdea87,circledHollowX
441,1.302302963008209,-0.0510024995172953,xpmvs,aaxav,#bf2067,diamond
442,1.8195838976229075,0.23220556965552275,mtqsf,pjzik,#0d9f17,plus
443,1.307362914571783,0.27372234010754615,czjmo,yuzlw,#f8fec7,asterisk
444,1.656838986530763,0.4660995467570428,djnpi,bwcks,#d101ff,circle
445,1.0298403082036862,0.4301672512213266,qnkcm,jghmc,#1c919f,pentagon
446,1.2481829642447637,-0.31685674526027985,wfmho,fxqxc,#a8a55f,circledHollowPlus
447,1.0086959742400952,0.07196147439855183,svozl,qsrdf,#173da7,diamond
448,1.1728466328186875,-0.41429459502591415,srpht,dpqyn,#7699bf,pentagon
449,1.0004188589527858,-0.1382396365960109,musfy,vhhtz,#5ea6b7,dot
450,1.234858338100049,-0.07803900665937102,cpsul,eewdb,#420467,pentagon
451,1.8627055503167118,-0.16710759287781307,qlayn,ybnvn,#3f7d77,circledHollowAsterisk
452,1.937459950097714,0.1014865622020451,sipvz,vrozr,#e070df,asterisk
453,1.9250333017694365,0.1489949559845266,rxovi,prgkw,#13878f,dot
454,1.58486323916723,0.3623780307883927,zrwtb,icjtt,#4f6937,triangle
455,1.5925049258302737,0.14655831700605337,ebhcp,dmwup,#232d87,asterisk
456,1.3180014656760228,0.3680093294772955,frmrq,ncgpn,#926a3f,asterisk
457,1.7739481111117112,0.08713432988340841,lwpgx,wqkbw,#d7465f,circledHollowX
458,1.1860702425250937,0.254726392626329,mjjgq,jydzd,#b9f627,hollowX
459,1.8125098207414223,-0.0030390924025023303,dezid,lrfvj,#40408f,diamond
460,1.9454292396460724,-0.13463120139909723,enxgb,fyusw,#e85e77,circle
461,1.629485387485239,0.42518567831418685,xxbfg,ormlg,#9c4acf,hollowX
462,1.7410348008959797,-0.28716321042011184,gaisl,surod,#59fa67,x
463,1.9117261083771935,0.25160887905725604,mvrlo,gqhhu,#a5e22f,circledHollowPlus
464,1.533344568178209,0.15242858444536223,qrxkd,uipcq,#f1ebcf,triangle
465,1.7004294587164899,-0.3166866134678994,ulxvg,mvylk,#f0c15f,hollowAsterisk
466,1.5267426665481187,0.36855433943973837,kwwcf,iqnzq,#313e87,triangle
467,1.144935644115944,0.015420899506894958,boofu,qysso,#2d32f7,hollowAsterisk
468,1.515007702458008,-0.010627295703096284,famtg,yjagx,#74f7cf,triangle
469,1.4547295708781078,-0.06304721849179495,nxplw,uzwjx,#c5184f,square
470,1.0008958779346817,0.04808646217700696,tkuml,fdrag,#72435f,diamond
471,1.0123959825937625,-0.23613388147788472,toakm,pwdfd,#849bb7,triangle
472,1.2341326620056177,0.06591520936881667,mftfr,ewkqg,#a0552f,triangle
473,1.1972695881968352,-0.01941930704326511,amkiq,nqste,#a88c07,circle
474,1.7490785619664986,-0.300905684467603,qvhfc,bawlh,#b6866f,triangle
475,1.1470481572925937,0.3536100888340441,vdtsj,btqzo,#d2fe57,triangle
476,1.4019285916973772,0.4392667984553077,iewba,fjmeh,#7ef407,hollowX
477,1.5793791654317042,0.12031571020475429,gypwu,tdrjs,#289d87,diamond
478,1.002587938779135,-0.49865479725099493,pqifm,mpsbl,#7c5137,pentagon
479,1.0371466121361888,0.08510406801752957,rwjbg,wnpoy,#8e9cff,circle
480,1.251348659251741,0.34763513852695527,dblry,cegwy,#420b87,circledHollowAsterisk
481,1.0685116432603423,-0.10539430663720106,cnatu,qgbxv,#93dd97,pentagon
482,1.4603191168030132,-0.2588994883867942,wvmia,mqhgn,#f0dbd7,pentagon
483,1.0182564413313622,0.21255359727436107,pgwts,jdlmt,#5d4c0f,asterisk
484,1.418947591005029,0.1844603440449475,minpr,qlzdm,#7c022f,circle
485,1.9297570868476852,0.44588522662928864,vvoff,lifhr,#5bb89f,dot
486,1.1077107068400691,-0.48441525598780966,nyqae,qmqcn,#f2e137,square
487,1.908716079433248,-0.36999075243697377,vuiua,bwzql,#a1c26f,diamond
488,1.7836482953591122,-0.4801779802891555,vdjcv,ttosx,#e9351f,square
489,1.3832584376586912,0.09386504096117299,ujjqc,mzzem,#b0e7af,pentagon
490,1.069295724599037,0.3292908277459118,ipkzs,sjnuh,#0ab9b7,x
491,1.3630532966969027,-0.4470174935727489,kqzhv,ggugd,#40e48f,circledHollowPlus
492,1.2854396648849757,0.4943746187591068,apywt,kbydq,#19c8ff,circledHollowX
493,1.8047865620063983,0.47979399159880554,qqtek,qtqkw,#c88ca7,plus
494,1.83288898994764,0.14123214927929073,ujswu,qpjyv,#d2d1ff,circledHollowPlus
495,1.667516161823913,0.48105145951316275,vwitn,ssomj,#6ede0f,hollowAsterisk
496,1.2364305345238176,0.23462915393499706,pugef,nehuu,#47dcd7,circledHollowPlus
497,1.9894475677802823,0.10417234275913889,mnylc,pcvrz,#0026ef,pentagon
498,1.477476888314477,0.3061900554613689,yfcym,rwmqi,#421b17,hollowAsterisk
499,1.4903960537075243,0.0233319480126023,rghvg,lhfcf,#3df81f,circle
500,1.8026229719017344,0.39264411630154605,mpdgl,zsrrk,#eea7d7,circle
501,1.5486796700518748,-0.20334494554198368,wfohw,phrma,#24c98f,hollowX
502,1.7746878476237193,0.2552414817933778,jdrtx,roilz,#b1a197,triangle
503,1.0893992366151024,0.4971896747225715,yhwwu,mijfy,#c9f267,pentagon
504,1.3250966579166534,0.35597147202060986,uqynt,kjrth,#0aa217,square
505,1.0065113767021592,-0.19470397489726055,iiesg,ndvgy,#6f42cf,triangle
506,1.42787063454512,0.37232863878206257,jfiej,fjntc,#220adf,x
507,1.1433446625436803,-0.4413723770149063,mzrxh,gfvbl,#4d2407,square
508,1.5138592381720486,-0.2361366576624715,phhbi,zclhx,#8bbd97,dot
509,1.7086161014803376,-0.14392346618634222,iormj,nsuvo,#fb016f,hollowAsterisk
510,1.345797109653469,-0.37002390316789036,oxfii,wrkdx,#16043f,circledHollowPlus
511,1.1771977161004807,0.25615743282944325,irqux,nnvmo,#4888e7,circledHollowAsterisk
512,1.5792373120359802,-0.32385223832317844,szigu,zgjps,#977baf,circledHollowX
513,1.005657215255785,-0.2885722441383569,nydna,kauve,#611eef,hollowAsterisk
514,1.1043038076040785,-0.33351357213920163,ldikp,ekxig,#b3a667,diamond
515,1.0804800701231683,0.3622202342467308,gsauq,viaic,#87aab7,circledHollowPlus
516,1.5581348859341455,0.12381594455856926,yozmp,brpwa,#c70db7,asterisk
517,1.398069706815706,0.2729828931605206,izlgq,jnevi,#9eb8af,pentagon
518,1.9102854602350354,-0.31956324695119465,axmwt,zvjoq,#dd6577,triangle
519,1.285995057303133,-0.25437773433450395,hzgjx,logwo,#51b537,hollowPlus
520,1.5283752477982597,0.47307213714205654,mxrwf,iuxzc,#81a7b7,circledHollowAsterisk
521,1.759831811102004,-0.28085487708572077,hugzn,dgind,#f7dcc7,circledHollowPlus
522,1.4036073023649722,-0.3643498741044511,nvsbo,fuutn,#6056a7,asterisk
523,1.3483629893298468,-0.49724291497863027,erhbb,ffqpj,#ded397,asterisk
524,1.7277254160974285,0.016919738931567063,euldj,bttjk,#89a63f,pentagon
525,1.9945522112013143,0.24249698403079645,wguyl,alkio,#fc52a7,dot
526,1.5505657496802208,-0.09117681558150093,icrtj,kunqq,#6ec917,asterisk
527,1.5016625560378807,0.3924132413367407,oezic,makxe,#b4478f,plus
528,1.982125883002062,0.07148281345572327,wltyg,tjssw,#00b93f,circledHollowPlus
529,1.6366662478808887,0.05691561681305646,zymgw,djpil,#3978d7,square
530,1.772802169260653,0.10122269496936176,nyqpy,abkyr,#9c689f,square
531,1.848772518086455,-0.2560552529390222,opdhd,knfcf,#a65337,hollowX
532,1.881803309986845,0.0253489485098366,yefpf,igvcd,#703767,circledHollowPlus
533,1.175795585701231,-0.27562625980238575,lsbgj,uylnk,#831197,circledHollowX
534,1.969880989973327,-0.23333622469783122,ljvqk,bfdps,#895e2f,circledHollowAsterisk
535,1.5087901879407757,0.48085443899092706,tsjlh,egefj,#9660cf,diamond
536,1.4267130441253513,0.24304927238132912,zxoug,lteml,#36371f,hollowPlus
537,1.6601460990475918,-0.11739581372813979,mkemx,evhoz,#35c5af,dot
538,1.5459972499107169,0.2725836999454475,tdhwr,btuwa,#004e47,triangle
539,1.788675214930422,-0.04387976313618347,lclga,yzmtq,#d2de17,hollowAsterisk
540,1.1212631855884363,-0.3952326993132187,dwufo,qjzxc,#4b7457,circledHollowPlus
541,1.7497803931512985,0.4765468120000992,xikko,mtzcb,#a50307,pentagon
542,1.7930791860892241,-0.4304317021200402,zgtqi,vaexj,#ea9bb7,hollowAsterisk
543,1.5152625884845694,-0.06747499976343962,tftbp,raoae,#79c127,hollowX
544,1.6314689934569144,0.48950278046467144,vnzme,onxcj,#26c42f,x
545,1.8015186885333465,-0.05772784477983273,mxwif,zgifz,#e4c1b7,diamond
546,1.8052253896267052,0.3373673967784131,svakc,nzmek,#a4998f,circledHollowAsterisk
547,1.5295086169730325,-0.25528303061377844,lefgg,mbles,#80a047,hollowPlus
548,1.8247936374830758,-0.05027392022339161,cpgwr,gfgkp,#3b20df,pentagon
549,1.6048079804433026,-0.3131707059481369,bqdxk,kzbyc,#8cdebf,asterisk
550,1.658757039999223,-0.017148285140714092,vlzrh,ovruu,#30dcff,asterisk
551,1.6291347612533054,-0.030516710848675688,hrstm,yezrt,#9dcf7f,circle
552,1.3934125867149507,-0.0889558872738263,xkwsl,rrxqt,#aee997,hollowX
553,1.1064826337414408,0.3708246234233108,bifrz,panyf,#bcabb7,asterisk
554,1.9045914720270494,-0.4507407036591503,gpoik,owmxb,#414a07,square
555,1.5064166993463135,0.03348693686506954,qljql,zvppm,#d43497,hollowPlus
556,1.5796247479740257,-0.42558451432259015,iadcv,qinue,#670e3f,circledHollowAsterisk
557,1.5946153552650828,-0.06790079177789865,sbbkn,jazic,#5ec2a7,asterisk
558,1.5029302677880336,0.0004944518522586039,euxfb,maajv,#178317,circledHollowPlus
559,1.7682386358768851,-0.15395436162345855,btack,fwamk,#af8707,dot
560,1.9231662793539148,0.29272071474128847,ojblg,qyxeb,#fccae7,circle
561,1.2982948145869408,-0.1524100761937902,jtgqa,pnmax,#45c73f,asterisk
562,1.0620278996572368,-0.032795045552638125,goewn,vdtbx,#fb4927,asterisk
563,1.5276763804560223,-0.12083871029149318,cmtyy,rdohp,#dbcf47,square
564,1.2223376162957624,-0.41788735501582186,xjydy,tlvmm,#81bbaf,x
565,1.5664263548189445,0.326035445086711,doaft,qnwrs,#c0a047,circledHollowAsterisk
566,1.7880513559435218,-0.3448731712501334,pwzne,phzhg,#d18b4f,triangle
567,1.7260363829916416,0.21707401874979293,xsnkg,invys,#4d44a7,square
568,1.6145764063068366,-0.0644563203753965,stuzc,naeib,#c0a89f,circledHollowX
569,1.2363798479119321,0.3132026102270532,qkddy,yolrr,#8724df,diamond
570,1.364985688346313,-0.011213853408681529,bpamo,pesld,#611e67,dot
571,1.2522264021571674,0.09593673650474366,jorlk,cpvda,#4bc727,circledHollowPlus
572,1.5020970969801266,-0.08923513636506752,eyjqx,mcbqn,#440d67,circledHollowPlus
573,1.4745286837437332,-0.4720232285455497,xfbsj,tzink,#3c91f7,pentagon
574,1.0373059954891288,0.38300209640379,nqsww,kmxop,#1c6b17,circle
575,1.6131504289781124,0.36801346572420424,hjuiz,scbzv,#4049bf,hollowAsterisk
576,1.1636434244574334,0.33374532876863616,lwedp,ryfqf,#8753ef,diamond
577,1.9559387447590946,-0.3837267011288066,nsqay,jpglf,#87888f,diamond
578,1.5270099938689905,-0.3567909459283798,uyydy,vooku,#2d5a9f,hollowAsterisk
579,1.8888041269998388,-0.47214266361223356,vscko,sdwse,#cc5ee7,circle
580,1.4374171832714095,-0.3113755040151531,skfkd,wkwmj,#f97f07,hollowPlus
581,1.983294437577428,-0.36513434792414223,whmjp,jymgp,#aba077,plus
582,1.5371388065645615,-0.46907723066672447,hhxoy,arhtr,#3a6b57,circledHollowPlus
583,1.4374268758596567,0.2904756921191125,spvfk,lcqaj,#3fe6e7,circle
584,1.9078037865651658,0.16462391353735217,gdzre,rcvbl,#4e09d7,circledHollowPlus
585,1.5909737216674051,0.04031896966336612,tpqzf,xugxn,#670357,dot
586,1.3830828892657878,-0.4559553916314608,eyibk,eegpn,#244987,diamond
587,1.9943629715630484,-0.14806355951805172,gqqox,qmhmx,#56b8c7,square
588,1.6614787483924458,0.4381166746275593,ztfml,evrhq,#f68dc7,circledHollowAsterisk
589,1.980932610979186,-0.22761058942097434,uhjer,xedjv,#2f69c7,hollowAsterisk
590,1.1844614032990977,0.11054283439572765,bgsuj,yrldn,#a4403f,asterisk
591,1.319165347282801,-0.15099143687680017,uwufg,nocgp,#03208f,pentagon
592,1.8337964758342071,0.3169759110091861,qefqy,djgfv,#50f2cf,hollowPlus
593,1.2623292604738143,0.10284194059273122,ebuij,qiweh,#ed5607,hollowPlus
594,1.0090025471378774,-0.02081514088663361,kfdrd,ugour,#3479a7,hollowPlus
595,1.886443395551369,0.3485613166817788,ptlii,dggwa,#a48e87,plus
596,1.3935279583971922,0.35168700021256905,tshsw,obxra,#d99caf,dot
597,1.1268439111130546,-0.24456744524754692,pvqkp,zxcnq,#34b0ff,hollowX
598,1.4123087177401645,0.2830527014963007,dppqd,uekbw,#8b36f7,diamond
599,1.39038157697527,0.20227713762858834,wcsbq,rdfzl,#8d0a9f,circledHollowAsterisk
600,1.4733065171502595,0.44186261351931,yyzre,jgneh,#17ae77,hollowX
601,1.5023769136517435,-0.055960182259236824,anyhw,iknrk,#dfd32f,circledHollowX
602,1.39118465504909,0.34111298296986636,yoiaq,timef,#e3519f,plus
603,1.2917058204379814,-0.020123036315908505,fticy,okzju,#8e5ef7,plus
604,1.5188904603584068,0.1687658932759467,nbzvh,blhut,#b87e5f,hollowAsterisk
605,1.1285612000354144,0.22002994847830126,novxj,yzrol,#d069af,circledHollowAsterisk
606,1.0971587220778658,0.3066295489774692,yrcmr,xlsux,#45e9cf,dot
607,1.405632268122496,-0.06088549175825686,ydgcw,cojvf,#68145f,circle
608,1.7821210081763053,-0.4508454063507471,jmleg,vkavl,#07f25f,pentagon
609,1.968405724159529,0.27460852134288294,kofuw,yattc,#ef7467,hollowAsterisk
610,1.7868918495411497,0.12050143938502211,iuytm,omztl,#d9887f,circle
611,1.9718300522441474,-0.39556529356033676,ogqvx,wteqd,#bb5ab7,circledHollowX
612,1.163129991588756,-0.17094355978220244,yqlgu,sooll,#cfc1b7,circledHollowAsterisk
613,1.9488046333070195,0.19951091129505916,stonv,ttprz,#1b4657,x
614,1.1533177734343392,0.25547928681751664,gokwf,jypmk,#dc5eff,hollowPlus
615,1.6736130632235153,0.18842422666303338,igqcy,ksbcf,#43768f,x
616,1.5520117775062672,-0.2426551541070634,oaruj,amyed,#d83a57,plus
617,1.989013897736392,-0.4378313295732148,dflqp,jrjob,#1d5def,dot
618,1.9033634107895105,0.397064232978919,ijxuu,gcyjk,#aa7757,circledHollowAsterisk
619,1.9590320635814726,0.415069431567924,iyoyg,cdytc,#4b0a6f,circledHollowPlus
620,1.2901720615674774,0.05277908038161416,xmlmo,qoenl,#68bc0f,asterisk
621,1.303283530615531,0.35314845296390174,othuz,kemcc,#27d0b7,dot
622,1.2665915071175053,-0.4352777564166491,vmsiz,ywdfc,#7d77ff,circle
623,1.2415802626320407,0.4833472142712901,ijezb,bxbfd,#5577a7,circledHollowPlus
624,1.9015362837569085,-0.13523247880966283,plouo,hfyfd,#6d28d7,x
625,1.2526398294358612,-0.24696629446156815,hqhhy,iusse,#68b76f,hollowAsterisk
626,1.7319786163738793,-0.4562876201357584,ayfdu,hbnkv,#317d4f,hollowAsterisk
627,1.3657198049259303,-0.2802101323366969,gsfxq,fepzn,#9fb08f,asterisk
628,1.0248704029155626,0.010298057769744684,safeb,clpra,#683a7f,circledHollowX
629,1.2173281310268478,0.41990492145831504,hldyp,tnpbs,#6e4cc7,hollowAsterisk
630,1.4752180959203978,0.3375408134573541,mfrub,tbbcl,#faf1d7,pentagon
631,1.35727991593294,0.06270680268960871,vrqgt,iznqf,#e1396f,hollowX
632,1.849818355104238,0.33029536183141484,gqgpu,vxkij,#669d37,square
633,1.0422024901477582,0.3188353053523276,hnodm,zasdz,#c193d7,hollowX
634,1.6200463523488948,0.4860445224399613,wyubw,bywnx,#25caa7,hollowPlus
635,1.7721922632970788,0.35194877166024663,psqki,keqop,#686a6f,plus
636,1.8358213582697829,0.45636051325477456,egmru,nrwyn,#f91bf7,hollowPlus
637,1.9744328882276696,-0.3460523010439558,wavzr,pljyv,#d1444f,circledHollowX
638,1.53755371298998,0.4335074803421989,mlehh,gtjph,#c3fd17,diamond
639,1.308749729078479,-0.31453020059869874,kbmmp,gfeej,#23daef,asterisk
640,1.0584008019584532,-0.30228826052759383,hoebm,oqtgw,#29eec7,circledHollowX
641,1.8650161109268852,0.25704583552159643,rlwrx,dexrq,#a91b17,square
642,1.8411437858279083,0.44763410821670857,abwmk,thqvm,#9fe6ef,triangle
643,1.9287810223112674,0.0734242863165353,cbdlr,sibsv,#239b5f,pentagon
644,1.748350926137695,-0.4628817863132004,sixth,mdzkp,#6ec8d7,dot
645,1.9435413737550198,0.2495112628742402,xlpmq,rsbue,#2db7df,square
646,1.7998248593668098,0.2779091801005924,drllp,vbcjj,#c3ec37,square
647,1.1508844398007323,-0.4965407165073542,sobrj,rudnp,#90f33f,asterisk
648,1.9977176955146478,-0.04423672476573148,tspxs,rbcqi,#e8ffa7,diamond
649,1.6193897615421675,0.21924089166506855,inhog,qudzt,#976e37,circledHollowAsterisk
650,1.4407890245761188,0.3918578310226585,gkvox,xqbgv,#c251cf,x
651,1.2639262259540316,-0.1436509193356853,kqhvh,ujmzm,#c83c2f,dot
652,1.230441056740456,0.27281984209862575,hojaw,uccpq,#5ece97,circledHollowAsterisk
653,1.438795687434776,-0.346884687240837,oeufy,vuoki,#716497,circledHollowX
654,1.5139287604060767,-0.476409314236104,ispzq,ngurv,#34e587,square
655,1.5271085878989057,0.2356522002860193,eadrm,izyws,#1dfd8f,square
656,1.3321037455355877,-0.22346804520050034,yuqtk,wmeer,#663bef,triangle
657,1.5655294463689526,-0.04801625377725516,vbnol,bhcnz,#295eb7,square
658,1.5803431399752068,-0.04294751619509263,impue,szyfa,#b0c8cf,diamond
659,1.304264101935337,0.4189844048070197,pnakr,sikux,#5bf697,x
660,1.6787970294056778,0.41873993777189733,dcogc,anjyq,#9b3eb7,hollowAsterisk
661,1.8799653813449644,-0.4874965298463658,vfpma,xbtey,#9e1507,plus
662,1.1331341756002349,-0.3816195097568932,qcpgc,xkeki,#9b2647,hollowAsterisk
663,1.363846548760135,0.43374624695611363,imxmi,rymdy,#3a754f,asterisk
664,1.7837227443866936,-0.4027890597652921,eymrm,hymdr,#e352d7,circledHollowX
665,1.5635537465820213,-0.05818600870614543,ggwnb,gbyau,#f28367,circledHollowAsterisk
666,1.3732270879129718,0.23298896205133646,oasxq,jmukw,#32c917,triangle
667,1.7743319957761745,-0.26641658313386796,dhmsl,dxtvp,#de47bf,x
668,1.5502237814875341,0.4921996875652729,vaqgm,xldgm,#208bd7,x
669,1.6244343677710351,0.3912071360559468,hgyag,sfbnd,#67ab07,hollowAsterisk
670,1.4101601644742896,-0.26270377150636615,crxfc,dleje,#c9c107,pentagon
671,1.4007812586065618,-0.21465277581731101,xbjle,hmhks,#39b7a7,plus
672,1.6640088749228574,0.42077524761351304,lcnvs,ibjqk,#fcbf67,hollowPlus
673,1.5824463265539728,0.4259090563198773,ifmrw,kwdug,#9b6217,hollowAsterisk
674,1.2451445524465836,-0.3069973862714179,mawci,qdzls,#eab8b7,dot
675,1.5022094316385814,0.4117760252056375,kazdp,mcfcn,#574437,pentagon
676,1.6344702995425313,-0.31516309593855363,ossun,fomgj,#9cb127,circledHollowX
677,1.89825998306104,-0.024701504989919854,fxnrs,rbqat,#a35d37,circledHollowX
678,1.3568180134778767,-0.03524712255082374,tvamu,zirhe,#ae228f,circle
679,1.001047459022387,-0.37421743908828864,zuffp,aoufp,#fb85bf,hollowPlus
680,1.0379605689901417,-0.3875966708288393,nixke,obufk,#464eb7,triangle
681,1.7902095481907665,-0.2319558832361468,saymr,dobxm,#7fdf0f,circledHollowAsterisk
682,1.1663739880474673,0.09623266651060358,hvnsa,dvlqo,#ac7847,circledHollowPlus
683,1.3575996771061312,0.10360634885554698,bqyso,ntcvx,#d6e2af,pentagon
684,1.4291648202184057,-0.28697906970094833,jpqdw,omuuf,#d0205f,x
685,1.6986221489984925,0.19517007511215578,ediey,pqbox,#ee18d7,asterisk
686,1.0009403358309088,-0.23404142880780654,wkeuk,vxzsm,#31505f,square
687,1.270916910577108,-0.1522216947118804,kphpr,benqb,#f05bd7,hollowPlus
688,1.7567057380652824,0.42149881230379094,hwebp,tujru,#649c6f,circle
689,1.5049646442771176,0.1536528384474687,qvrkp,hnbno,#1fd4d7,pentagon
690,1.2865361107961584,-0.1814403632578695,yzqll,tbpnv,#4f3137,pentagon
691,1.3077935035854769,-0.14540398663413723,rgyzn,surml,#70a8bf,plus
692,1.5626225960849947,-0.4282268695050879,czzpu,yjmia,#0176cf,dot
693,1.4808670070204357,0.24737853091942763,vsbev,abfys,#86d257,hollowPlus
694,1.0311576023472988,0.011369764943891525,fdtrw,jvutc,#0b20f7,dot
695,1.7099135829620535,0.05524437843753427,jumfq,lpooa,#b79117,plus
696,1.9949401923130292,-0.4366618365563636,lkodd,njkpm,#88b8cf,circledHollowPlus
697,1.5736691426923612,-0.45813104285700534,ogeop,ygnoy,#3963df,pentagon
698,1.017001952850654,0.10352273474176887,dzred,xvyre,#24062f,circledHollowPlus
699,1.2331221251461306,-0.4064887952555891,ctyhq,hkfxd,#dcfdef,diamond
700,1.8250182120588394,-0.2764351428476436,nsdmg,tdvls,#ee2197,plus
701,1.0894587914337563,-0.42376665159883675,zojom,wieyl,#99b5d7,asterisk
702,1.5093991855656155,-0.023126975397688265,gilyw,cesie,#f8b95f,square
703,1.235026376113805,-0.4622877682341827,gxspk,wkmgx,#7ef177,square
704,1.8780575256682512,0.40044897238417554,gthem,zwxwj,#641f17,plus
705,1.6776605613146953,-0.39579595430723746,gkvqx,nenxs,#3da207,circledHollowAsterisk
706,1.9619194019223287,0.13246256434988413,eekhz,rerjv,#66a227,plus
707,1.7103783133389214,-0.20758755038580035,ejebf,roppx,#4fc787,circledHollowX
708,1.1158039271545035,0.41628538134138027,uxvxh,nlhsj,#a46217,hollowAsterisk
709,1.7748946369968275,0.30921595048083617,trtrd,wovzf,#33e167,hollowAsterisk
710,1.8173728102246747,-0.005903064474666819,lfbtt,qziyu,#9db4a7,plus
711,1.7274447778973383,-0.34012490569789267,opzyj,qtmta,#e2200f,dot
712,1.7887116484623118,-0.34224373720261725,tgazj,iwhdh,#c29027,dot
713,1.891196849300823,-0.07573512859923126,wynjt,rilzb,#8fb027,square
714,1.870388541454079,0.08962361974704003,mzfck,xuqsf,#d2f11f,square
715,1.2081387407596922,0.3450589123763529,gdqsl,qgcoc,#15fe37,x
716,1.6783052221850676,0.38774190396338426,lldns,ghvwn,#03f9b7,x
717,1.2314464259174978,-0.08875506577241576,balec,humvz,#0406a7,pentagon
718,1.8668708515648396,-0.33491615322030777,yavud,raukt,#89bbf7,circledHollowAsterisk
719,1.8335955006639477,0.1203257291134553,hrluu,qakbx,#e3656f,plus
720,1.899360993365065,0.35452628131315334,qubci,wqrtq,#347bcf,hollowPlus
721,1.8957665995522488,0.004727171672966768,wdggx,vczwp,#cbf4a7,hollowPlus
722,1.9232559490928403,0.29735302365901195,ydapq,tfvxg,#3fccd7,circledHollowAsterisk
723,1.17460385285692,0.06362505167802268,vooqj,zivlg,#f9aa2f,circledHollowAsterisk
724,1.3953563786088536,-0.1894639588037298,yihov,pkfaq,#0a1c3f,hollowPlus
725,1.3190375461440627,0.46616581561920956,iiskz,xjjdt,#baf51f,x
726,1.1674445085750227,0.34458754918099466,wstma,hbtef,#5f5367,asterisk
727,1.6962656921381931,-0.12329531685303174,hqhek,soiak,#db0287,circledHollowAsterisk
728,1.3525799230974243,-0.08289950258479395,ktcyb,nlozz,#741137,hollowPlus
729,1.2659895900540952,-0.140450173677945,lnged,ljrhl,#56b6df,diamond
730,1.0687820932621501,0.3686124367482566,awuoj,rneka,#fffb17,circledHollowPlus
731,1.8842461925373533,0.3853495268191859,vorok,cdoki,#2a9fc7,hollowX
732,1.991413472609393,0.26045157751111825,nipnm,inlxs,#812c1f,dot
733,1.8167412569807744,0.3753299227726048,jpkgp,dpbds,#67246f,square
734,1.3177673009182143,0.14422479771909957,kazhf,mxcfp,#583467,square
735,1.5430407876814258,0.049901248403402154,mawzk,zyarg,#2420df,hollowPlus
736,1.8015605534390602,0.006403302110068121,rqvpy,hfmqs,#2bce57,circledHollowX
737,1.3467220994258169,0.3965665897233658,rpbnl,ruvuv,#54dc3f,hollowPlus
738,1.2652926557138005,-0.08313181340784903,paqja,gpqto,#b712df,plus
739,1.8420253833797742,0.36317352482994325,jmyqo,cxqtz,#1a4337,circledHollowPlus
740,1.5022816349092405,0.4743995580784812,iueyj,kdsrg,#ac5b47,asterisk
741,1.9365819113226448,-0.24786086794085427,kxcpg,myzse,#c277c7,triangle
742,1.9923561179309948,-0.2157178834328417,iyxtl,irpia,#a0a57f,hollowAsterisk
743,1.152737198061165,-0.16622917964954675,pzspy,jmuyr,#04c997,pentagon
744,1.0664888106494295,0.4327412764960341,vrnfv,wckxl,#d30747,hollowAsterisk
745,1.3426358386456512,0.42194249534969464,vumgy,osylc,#b2053f,circledHollowPlus
746,1.2949543065359257,0.2091179196065711,mgutr,ujvdi,#e389f7,circledHollowPlus
747,1.6037031345358415,-0.17056604012596144,kcnbw,eqjpd,#684a2f,circledHollowX
748,1.082461720205206,-0.19904228850347783,boxso,fudnt,#dd4f77,circledHollowPlus
749,1.712276121512537,0.4785411127120044,tyudy,glopz,#668a4f,x
750,1.3898651531267832,0.382473160901462,yasvf,hqvmw,#80acf7,circledHollowPlus
751,1.4714872485577202,-0.2045729800384728,adgvy,ewnes,#3c4f07,plus
752,1.3337713705212066,0.2675665004569776,hmgqy,rquoh,#63c997,square
753,1.5446608575150624,0.1852614163374643,lipwl,ihigz,#8d9957,diamond
754,1.8228612026812359,-0.016684359601141896,oztpc,wjkom,#e7c687,diamond
755,1.3453805030605395,0.2724661877294937,pgxig,zkntu,#3bb637,asterisk
756,1.1895661752507372,-0.3615546241306088,onaes,muhid,#354dc7,pentagon
757,1.3630706609924217,-0.13811353736712906,qncff,nyoqw,#16130f,hollowAsterisk
758,1.8190645926452702,-0.2948102994801933,xodxf,yyfvm,#34a8af,hollowX
759,1.2374871357654897,-0.17753086227964543,pbdjj,peiaj,#36c777,hollowX
760,1.0225070414617519,-0.45270323987392846,jjtqp,sjyaw,#2622d7,hollowPlus
761,1.8518788133334114,-0.34208717198810834,zdmmu,lqlkc,#727237,dot
762,1.8172853644949245,-0.2110371561524823,lavrw,kyguw,#99d58f,x
763,1.1480957595206593,-0.2119519184842279,lpnzb,krtdy,#f7258f,diamond
764,1.4519267490336538,-0.4831691973458001,kfogq,ivzqc,#ac99cf,square
765,1.7742904087301823,0.32660836376898905,ldgil,huivn,#557f2f,hollowPlus
766,1.9696841873597197,-0.23404055128422296,vgwoz,akbqc,#c9513f,diamond
767,1.0993082233034657,0.0046327323012862465,jeqvo,hgzxj,#87195f,asterisk
768,1.9924300717294874,0.33871066650946646,kovwz,fuccb,#94b2af,asterisk
769,1.9826028679136531,-0.4743265601823816,tmogt,wahyv,#d6af07,dot
770,1.1002103776305387,0.2418422090013289,erybm,crvyp,#d9019f,pentagon
771,1.46283628448578,0.42885363940853793,ojojt,npvnv,#1d1aaf,circledHollowPlus
772,1.8594625285712063,-0.0026105216869783954,tccwt,blwnz,#31bfbf,hollowX
773,1.6042637895043428,0.28368137486182476,zfubo,ztvtp,#2d2477,circledHollowAsterisk
774,1.707888133761224,0.1335449834070317,lkyqx,xloyy,#ecdb77,plus
775,1.5423547486456246,-0.01723688772699017,tdjph,lzahn,#38da37,x
776,1.4367690581486903,-0.48556765414943714,qysbb,dyhba,#67b5cf,circledHollowAsterisk
777,1.7120389367571787,0.017377055414293463,asarj,gxsvc,#01973f,hollowPlus
778,1.6101117264456017,-0.27605809835445394,hhjhe,qmnft,#28f367,hollowX
779,1.0498820356802319,0.24428781425402024,qgxub,rtqua,#5b8c47,circledHollowPlus
780,1.204335649023496,-0.25767560153365365,vrehz,efzyl,#932377,hollowX
781,1.9655301361190005,0.025102917335774078,pogtk,rfqqn,#51008f,hollowX
782,1.8337045288024338,0.4834119150921733,kfwht,dtpkk,#97db07,diamond
783,1.7190174019207058,-0.2261789476009025,vqevt,zyflw,#52bd3f,asterisk
784,1.5129516188445136,-0.2904433286058292,tijww,nctnf,#bf2f7f,asterisk
785,1.5611049174303506,-0.4233336186871762,leuzz,bjtqc,#2b3cbf,pentagon
786,1.9311930052017023,-0.41627669660467315,bvgdu,zedws,#eadb4f,diamond
787,1.1732300961795414,0.22807233559014495,prxhx,ocpat,#312c47,circledHollowAsterisk
788,1.8459030163818664,0.1689748743622611,qkumh,vtslq,#a6999f,pentagon
789,1.1922554930038602,-0.39523000189675106,zayip,mymhm,#7c7cb7,x
790,1.4411411568789259,-0.10170789242241529,prtyd,viuxg,#0cefe7,x
791,1.4580658863665703,-0.39756879448692206,kshyp,yynkm,#37c727,hollowX
792,1.969485630791515,-0.3754081986113673,gicxz,gxiay,#8dc82f,asterisk
793,1.363539294908775,0.4357946546287381,tgtlj,esrxk,#ab1c37,circledHollowAsterisk
794,1.2679442751233045,0.3520583325695934,vjmao,rhnte,#622c37,pentagon
795,1.8056775343781033,0.1314942464585086,ofcvk,wfdjx,#ac8087,circledHollowPlus
796,1.896561080035185,0.3654173489462219,qmpaf,wmuqh,#a31c5f,circle
797,1.5539453392726033,-0.4765821969859382,knxqk,dmlcl,#930f7f,circledHollowAsterisk
798,1.3662531714689403,-0.3302410600248844,cqnwr,pcvvs,#e6af17,hollowAsterisk
799,1.3644610202780298,-0.1964323577378253,rvnwd,ihrcc,#c0ecbf,triangle
800,1.6934631361606995,-0.44715911913520745,vittv,qpzpb,#73fd37,triangle
801,1.1789168024156642,0.15775945700137028,crnns,qmrmp,#6b65cf,circledHollowPlus
802,1.6310791107045757,-0.42110559818369053,fkzas,ppgov,#a726ef,circledHollowX
803,1.5929796283972064,-0.3700512801136209,dzuww,kdnzs,#ba2f9f,hollowPlus
804,1.8475240723623556,-0.23414472117329432,htiki,tpaek,#c96367,asterisk
805,1.7396588440188991,0.13990889417665553,uwzay,dhmdm,#bedd8f,hollowPlus
806,1.717718430463444,0.3282421609650493,jfgkw,bzlhz,#4a82bf,asterisk
807,1.6703219660739963,0.44056461872621855,repvs,nmxxa,#2b5c7f,circle
808,1.1258827166496361,0.4689746050118665,rxphh,hdxdz,#fc6e47,asterisk
809,1.6145520680683303,0.30173845411168687,yqfgj,lqhfo,#3edff7,asterisk
810,1.2470965012197577,0.03121986109511843,ednxe,llnss,#221f57,circledHollowAsterisk
811,1.1864578293555694,0.36362596346700593,jpdop,atnlx,#7e7b87,circle
812,1.0765924932468265,0.4478508855744876,yhhfx,ergop,#4f68d7,diamond
813,1.834044694650374,0.018942211330058578,hodxq,xuitt,#f122ef,triangle
814,1.6715262531345143,-0.050602336527784564,kzxvu,ibble,#ea938f,circledHollowX
815,1.769103621829733,-0.34412825440362094,mnkyi,lexqj,#91f27f,circle
816,1.8414505380285142,-0.29842206929329684,mient,jscrr,#992777,square
817,1.0496244205058751,0.48326558877110604,dnccm,gddek,#5fb507,circle
818,1.6375601472867718,0.4090827112540616,nwcum,etmva,#28aaf7,asterisk
819,1.502602346892348,0.44824732142230994,flgrr,avmxb,#0dfb37,x
820,1.8915654309516312,-0.4124595064000287,zgqmr,govki,#1e7d37,diamond
821,1.3406351750576018,-0.2683742998987607,abmmp,jbplj,#e3e47f,circledHollowX
822,1.5453254125201905,-0.001001503512838453,nwhtm,opqlw,#f7074f,hollowPlus
823,1.4725369895563065,-0.3800305110470542,ozuvp,wkexs,#63e78f,hollowX
824,1.9597706720942756,0.13179834702243298,kkkqz,yyoly,#394887,asterisk
825,1.9134379985855243,0.4378076656495561,lrgiv,ywlzh,#244bdf,hollowPlus
826,1.2457900397940034,0.11147755142871041,nursu,ccnvj,#977f17,pentagon
827,1.2900462290074834,-0.0664352519823116,yeyis,nyfao,#83f67f,x
828,1.244116305755409,-0.46189978537903753,xachh,onixe,#91c4c7,square
829,1.5501454867555942,0.28194795615342605,cjdci,zonvk,#bb40a7,x
830,1.5246617807813672,-0.43234445010801215,kbdvz,dxgyp,#211907,hollowX
831,1.5433778451532092,0.1965133815022837,lflon,jvjol,#7d778f,pentagon
832,1.5096640560668833,-0.31951215742492056,coljh,fyxfl,#5409d7,x
833,1.51987270177256,0.05717792470522409,bpfly,ttxib,#9159df,plus
834,1.2320297343606188,0.194699320836213,akhop,nvjuk,#70cbdf,circledHollowPlus
835,1.698139823985311,-0.317857836867523,akdnk,wywmh,#b7d157,circledHollowAsterisk
836,1.8237479877781242,0.4134899765466181,lxlvp,dgmhz,#af94b7,asterisk
837,1.332391465112337,-0.24937984671596836,plvio,jnvte,#bc9f6f,hollowPlus
838,1.2268628122867158,0.17860485543110594,rtnri,mvqer,#343247,asterisk
839,1.0843424362853578,0.4565912652727985,xjbbs,ylvwh,#2d5907,asterisk
840,1.0008558250769055,-0.11840373399600757,cxjcu,gtnap,#926b4f,circledHollowPlus
841,1.6847623080725334,0.48356313226516245,wbjly,gsfva,#a7f717,hollowX
842,1.9989104008927758,0.3329035309543603,yevek,nclbe,#0ade0f,x
843,1.4631621689003076,0.3514207816382807,nppgq,ykwid,#8c0307,hollowAsterisk
844,1.48550398151512,-0.4456201769405733,tqsdc,nfkdx,#a0fd67,square
845,1.237395291760984,-0.05621293277294925,ormva,heyre,#f050bf,dot
846,1.5020198802478255,0.0423884121496213,cozpp,wifnm,#771edf,hollowPlus
847,1.4428707340451496,-0.44932927084628715,xkjub,tkfwz,#aa046f,x
848,1.5447205051463015,-0.3173583037782649,diuhv,woxig,#4f8407,hollowX
849,1.1796107565718343,0.07580513189097637,aakau,pewhm,#9f8807,asterisk
850,1.2460822441541854,0.3210433650116544,iwuwp,vhvhu,#b13157,hollowAsterisk
851,1.7237731626900024,0.3977070275613822,txjcg,yzliv,#14f45f,hollowAsterisk
852,1.1303422720467822,-0.40390661021426477,nwown,xdccv,#948d5f,circledHollowAsterisk
853,1.3842053539061028,0.12315296450733548,pubpy,oufep,#02cbd7,diamond
854,1.25273008455676,0.10900328062736142,cejra,ligvr,#de864f,circledHollowAsterisk
855,1.4008132113483949,0.43180933812765976,attni,hoopw,#ab03d7,asterisk
856,1.3012317811774126,-0.23113331981035,ckbix,temlp,#2b481f,circledHollowAsterisk
857,1.0075856589444196,-0.4586094519606806,uuvaj,zokys,#10cc5f,circledHollowAsterisk
858,1.4669889140338723,-0.4706647792876718,jsyue,sxgbx,#8e612f,x
859,1.4097257529347895,-0.44536740115359497,aedcs,dcgxc,#a64b97,diamond
860,1.056925405905266,-0.1300287877945112,cizld,drgjv,#8d1e87,hollowAsterisk
861,1.1606992304770638,-0.4471383553630829,zxfyf,flngd,#7a668f,hollowX
862,1.000296940372606,-0.1592053286572841,wnhtx,kgkcf,#3796c7,hollowX
863,1.3143041541630143,-0.12042130146175956,mkcnk,jyxok,#90cb67,circle
864,1.5878255652133673,-0.4363956938446838,gvoph,tnktd,#e982bf,hollowPlus
865,1.0138169358567026,-0.36649931663777235,uihsz,gqexk,#989dff,plus
866,1.6946757658094969,0.35958077717627934,elrgx,zvqqx,#13a72f,hollowAsterisk
867,1.6677143169831532,-0.18346359949515023,ufvqw,qaavc,#570aff,plus
868,1.7824863469171381,0.3185937157267926,mvncs,oxsli,#530b0f,dot
869,1.0988355971105652,0.47643146240032674,qmjet,ppbbz,#8ac17f,square
870,1.769778879820655,0.0423217199316438,umfxp,ysxkc,#5f0927,dot
871,1.3072965518992503,0.24676901001742624,ixrea,dforv,#830bf7,diamond
872,1.11767420218968,-0.045808345891436786,ahwjo,nbzrv,#1a852f,hollowAsterisk
873,1.3443456025846765,0.16972421516561886,evkrj,regdz,#3e485f,circle
874,1.7375210379514976,0.19748629161175346,gddjo,ppksv,#e5307f,circledHollowPlus
875,1.2712685877744412,-0.3429038004700957,martz,nezvj,#d0fb57,circledHollowX
876,1.0115842228645082,-0.293365676332219,lccfk,xnigv,#de7dbf,circledHollowAsterisk
877,1.344363155484936,0.1878237027429247,hmovl,rbdmt,#ec147f,circledHollowX
878,1.7316734337118413,-0.4825700596156014,hguow,xsofb,#3bbb27,plus
879,1.735500415516244,0.38164210103781027,vhunb,vxuwi,#ed83ef,hollowPlus
880,1.0705780751920133,-0.21504521818035194,mwuyq,rfwpj,#ba7eef,plus
881,1.4783216364076663,0.02628084418973642,twkli,mvajc,#f9c76f,circledHollowX
882,1.3208574809468878,-0.043732675075691785,zmeqv,nnhlx,#364167,hollowPlus
883,1.7598260473469214,0.35843737158382283,iljnb,dnfga,#e38a17,x
884,1.1588619330168939,0.34733725680868144,ljfwj,degsz,#ea1467,circledHollowAsterisk
885,1.0305471735267064,-0.35574464433321396,fyvfb,aepds,#976def,circle
886,1.6468611489740543,-0.11807343883655219,iutmt,lotxl,#6d3937,circle
887,1.9757450654424866,0.1613091757421503,chcmg,aqjsw,#e51bbf,plus
888,1.6142156296420196,0.2108077337673515,sdpfz,lvgir,#ae343f,triangle
889,1.5079027690465248,-0.09377622066071423,ajtbl,hmstb,#4e6437,circledHollowAsterisk
890,1.3157920332199171,0.05873457993573494,xjstz,ahlfz,#26adaf,hollowAsterisk
891,1.134300891447341,0.3204617058082121,qazaf,uhjns,#5e200f,asterisk
892,1.2607670886012983,-0.3728703479737855,ueoad,ouqlr,#784047,x
893,1.8902083743020355,0.16551740113117475,spaqq,rfpyf,#6f9097,circledHollowPlus
894,1.8765347923749385,-0.28237613890165025,nchwe,bupkr,#afcecf,circledHollowX
895,1.0313520306808497,0.0002769719250459435,vdcir,hsjtt,#f21987,hollowX
896,1.4132525436819967,0.25252213096786325,rzkus,lnhvs,#478037,circledHollowPlus
897,1.2429480727199116,-0.424165993762995,yirym,lwuco,#182917,asterisk
898,1.5398556448084655,-0.47722261614588035,cacfx,cdodt,#c9aa5f,x
899,1.9902690242732315,0.36595197005921376,eppav,pizkw,#091007,hollowAsterisk
900,1.3805920583820077,-0.2630428827992549,uabyi,qtwea,#36de2f,diamond
901,1.3191557968927519,0.006806077178304504,jjpzj,snhxi,#164e97,dot
902,1.6535112901085809,0.3234997482293358,jatyx,ctszv,#b2d64f,x
903,1.2974908537092325,-0.295879451643387,wanvm,ixzkx,#f9fc3f,circledHollowAsterisk
904,1.2825568228572743,-0.0070528012004431595,lcyqx,sahme,#83c86f,dot
905,1.9226773816930272,-0.38056644220108715,hebew,gstjy,#0dc4f7,triangle
906,1.141437078001692,0.20565827000189718,nfugt,jnezi,#557607,asterisk
907,1.4121296321725996,0.27181074892880297,qoxts,jcpip,#2173f7,asterisk
908,1.1410524138396374,0.488051816007379,misue,ckilp,#c3970f,pentagon
909,1.2497586387736246,-0.014946910395947532,mmgga,uasnu,#4cd3ff,circledHollowAsterisk
910,1.2934091948300988,-0.467428411260817,wpnny,jyrvr,#1f6ccf,pentagon
911,1.8458585763898305,-0.014113092016317608,fipli,pmeju,#bf0d5f,circledHollowAsterisk
912,1.6702419414193024,-0.3030446551906014,vnqmh,cqrxd,#4b68af,triangle
913,1.3053022422204972,0.347751132651982,qpsxd,zpzuu,#6409b7,circledHollowPlus
914,1.0150944980304204,0.08656023738135843,rjimv,bvzfs,#bdccf7,circledHollowAsterisk
915,1.3567258911249596,-0.29628367516658227,tybbn,omdbn,#9e1f1f,triangle
916,1.2318551102410598,-0.2453619520521636,nihjt,hvvrv,#50e037,asterisk
917,1.3938465928965473,0.1870793166997311,hupyf,zgtnx,#ae7e1f,x
918,1.2037658403678329,0.17938060568685754,zthbz,ubwrx,#cdcdff,asterisk
919,1.3115645951911783,0.38583343457060837,icmbi,ucjqs,#7df57f,diamond
920,1.3447890365582786,0.26969910716722456,zhqln,pfmdg,#940fcf,circledHollowAsterisk
921,1.014598466871477,-0.37343983940184955,vmvyb,enogm,#593747,pentagon
922,1.5728985294041111,-0.44681950377851765,qgbvk,xzbsi,#21a457,triangle
923,1.0383851914415425,-0.10820542237244435,ujrjj,ldrce,#625d97,hollowPlus
924,1.8149543278076248,0.17358993265725997,sandf,svxfc,#3a1a8f,circle
925,1.34194036019781,-0.05132324658665621,psavo,rxoul,#0eb5a7,square
926,1.4433082522774907,-0.2791114402684183,miaes,dcxoo,#df57af,circledHollowAsterisk
927,1.6074299566309482,-0.3114460321022876,bzgzj,nsidu,#7f5327,diamond
928,1.107090418841505,-0.08371519473697608,amsdp,fhbmq,#e2ee67,plus
929,1.820496123603275,-0.03671283374463952,elqke,auiri,#5ab4cf,hollowX
930,1.102857079047145,0.47552291202949126,naxkk,svxor,#ee7007,hollowX
931,1.9462841812349665,0.12727014399714232,eftua,ohhdb,#1834c7,dot
932,1.1607408671365456,0.37773070890650706,zubno,qowri,#49fb27,pentagon
933,1.324613150231301,-0.4532028469777527,ucuqq,mhfpl,#321d07,hollowPlus
934,1.109439014920468,0.013866536567622045,ybjnp,qarxg,#19f62f,square
935,1.996705059553399,0.019084297239798653,bcsry,peazn,#5ad6ef,x
936,1.4820613283557873,-0.1333168171505864,ddcqw,rraib,#38bef7,pentagon
937,1.8523975826573071,-0.19579120706551667,fyuqv,aagsr,#f7757f,hollowPlus
938,1.1014690033126482,-0.4747114813232127,jaxdd,wyyat,#63f5b7,hollowX
939,1.095179781980677,-0.24224549673558415,syiwd,kbtha,#2d9217,square
940,1.0598480559724213,0.22084226674177554,rmgkl,ptqqt,#ce0c2f,asterisk
941,1.087979128929943,0.18204284967609374,ukeqe,ebfji,#6e3387,x
942,1.337720266315702,0.1954734950089989,ryvgi,hnigj,#619e07,diamond
943,1.8104340492594297,-0.12669081830867512,wqkmx,kfdqu,#90997f,hollowAsterisk
944,1.7150328435509374,0.3890009335665596,ekbdd,vlqrk,#01a497,plus
945,1.0509598396806972,0.480348652037892,elzjw,dcwdw,#40c7cf,circle
946,1.1221495115784839,-0.07154138662095555,omjbd,hejby,#e5c45f,triangle
947,1.0920817149763613,0.2622750620290907,fjkgf,cjfkl,#075bc7,x
948,1.291563473300936,-0.40173145094925433,ydfnj,vnvff,#474f8f,hollowPlus
949,1.2596621721232557,0.27333815702138864,xmvdu,xyldy,#89ed9f,plus
950,1.9253857422477711,0.2906256714432266,oimsp,npvhf,#1592ff,diamond
951,1.0727624123739268,-0.18267828793758045,zaxlj,tegdm,#1b9617,diamond
952,1.2398876443617395,-0.06394861507591287,uogcg,qhwxc,#1005af,hollowPlus
953,1.6107666758390655,-0.07902387929576948,eecxx,egjjw,#2c98f7,diamond
954,1.0558897331402894,-0.2326533066347516,kptzr,czdok,#2c061f,square
955,1.9652010173889987,0.4040335561230498,dtmbs,avgtl,#7a3fc7,diamond
956,1.207718933672582,0.01992727132684724,pemxh,ytojg,#18f667,circle
957,1.0325961837470659,-0.45048795950652,vmixz,aacdq,#5f5857,asterisk
958,1.2603091405134823,-0.45538027846093165,ggsgc,fqois,#3426df,x
959,1.570422557640285,-0.3757542387324432,oawow,dwrzl,#fb29df,circledHollowX
960,1.9604360678765056,0.24034590877397033,nazcv,augsp,#fc7817,hollowPlus
961,1.6487625244046986,0.09061078170758785,ejdjr,clluo,#2f8c7f,circledHollowX
962,1.0820819597773297,0.03886720777250097,qcvkm,bkera,#38bc67,asterisk
963,1.0764691339212442,0.15757459106511684,donwn,awbpw,#7a6467,triangle
964,1.4998632068981856,-0.4281885521328981,yxzcx,hdqlt,#bbd7a7,triangle
965,1.369871587859282,0.01084558495211252,ooqyd,irkts,#8d2a97,plus
966,1.356216770690279,0.2406842916847879,lavtl,mosem,#d10267,hollowX
967,1.6314656472445885,-0.2584853698808327,aaecs,nmvbq,#53a00f,x
968,1.6139174493239254,0.3900373380842268,awzps,axccb,#cdfdd7,diamond
969,1.3628963837608938,-0.1951381663457039,mqrtq,dkcnd,#5bbb17,circledHollowAsterisk
970,1.5311511517082441,-0.18438687071492466,gehdk,mgnhm,#dcf07f,dot
971,1.623428720730327,0.059806307535936964,oewat,beyej,#fa3707,circledHollowPlus
972,1.4343262408536726,-0.15218572823232757,dpfwf,ybaan,#05494f,pentagon
973,1.7543503727458212,0.037117069794602386,omavu,cakyp,#e9a727,x
974,1.0862886275128898,-0.34741169678245654,eagyi,hozes,#60c94f,x
975,1.4437947590134468,-0.34750337253819663,zshct,iiwzd,#435bbf,circledHollowPlus
976,1.8694297344054889,-0.33873396136591105,ukxgv,lwgds,#e77117,pentagon
977,1.7254502456581498,0.28402181603693955,osvub,jwizl,#7e132f,triangle
978,1.2551171583906555,-0.3954426359241229,jizav,hppfn,#25daa7,triangle
979,1.6181912155307576,-0.2801934104239613,mpoll,pbrwi,#991797,x
980,1.4453258705904801,0.17358597041270052,ipujy,puewb,#ffe4bf,hollowAsterisk
981,1.0489769712915047,0.10659940260246459,ylzdl,aclhm,#aa7977,dot
982,1.3646980999005351,-0.1645758416203208,nfpop,citqo,#8c350f,circledHollowX
983,1.8635382635380724,-0.4817136820825849,uhlka,snflp,#381c77,hollowAsterisk
984,1.0632264089590082,-0.22200821422045192,ayzle,rqisu,#b8cb07,circledHollowX
985,1.4952558367935844,-0.04064199076711472,fqxdf,ijgmi,#cc2acf,asterisk
986,1.891803638186866,-0.30292605231485104,glonj,rfetp,#649917,square
987,1.4769258632264832,-0.17834740643853397,cuols,bgivb,#bfa85f,circledHollowAsterisk
988,1.6606666196787703,-0.0808741947029602,xlxdc,qsgmp,#edc4f7,triangle
989,1.5353478477405986,0.008236812712096309,njtwa,pehip,#f6a50f,dot
990,1.9848889826786198,0.4125517283433634,npjyu,oqkpo,#a9756f,hollowX
991,1.712925975772758,0.27772393351786695,bwqxu,wbtly,#4b7dcf,circledHollowPlus
992,1.556317848269626,-0.08917716689099697,xcnxj,gween,#13a41f,plus
993,1.3799223378754069,-0.13442285243942853,tezsp,ullgn,#4b5487,circledHollowPlus
994,1.6164251012942028,0.10125917431475262,pfodm,onorl,#70a557,hollowPlus
995,1.123280107198006,0.4367272896987716,ebonp,fhrzf,#3fc367,diamond
996,1.7190566453634415,-0.0314547655308306,gzxax,xyszi,#5ede17,hollowX
997,1.6123865749880126,-0.04621080060431326,fwyhs,fdypu,#da5c17,x
998,1.1408364416326724,-0.4630146415468791,zznhu,zkqau,#9b05d7,asterisk
999,1.4086361631290325,-0.018308368361762417,qxfcc,kbdef,#7ddcef,circle
1000,1.979923338461406,-0.02726446634495716,mlgmk,wjvye,#627037,asterisk
1001,1.3774634546017723,-0.3760944327424668,rdvor,tslbd,#98e157,circledHollowPlus
1002,1.278913384309456,0.4038700817663059,xdxds,sfrbi,#22e58f,diamond
1003,1.2019972500491765,-0.10774885029720871,tratw,kmcpz,#e6003f,x
1004,1.7134446684941507,0.3727412584012598,yxzqt,soppi,#6b2557,diamond
1005,1.0493641821965516,-0.3455492260003874,ppawr,itmad,#400497,square
1006,1.6574237267622816,-0.10765078145548301,avfkk,rlpau,#2b8e6f,circledHollowPlus
1007,1.1861936246009364,-0.4144247433699013,xxluy,jppae,#7479b7,circledHollowAsterisk
1008,1.2953607029638647,0.4452727501240308,epgvg,mansm,#1792af,circledHollowX
1009,1.6496429078912158,0.3189026723254371,rwugj,asalx,#8a720f,circledHollowPlus
1010,1.0614007736134758,0.13887777183979477,vkkqw,iwpvh,#6cd7b7,x
1011,1.6189615020919548,0.2528590643277544,cvehx,igfnn,#87131f,triangle
1012,1.0094889201492654,0.4468290123032963,pagcb,ltjpr,#ca52a7,hollowX
1013,1.7803399664841701,0.007633956088212823,echmz,wglll,#3897d7,hollowAsterisk
1014,1.9132741812929888,0.04125997381509672,hgtgd,moxrq,#ee23a7,triangle
1015,1.432984079742826,0.3899708570044099,dunwu,fychf,#6ef3ff,circledHollowX
1016,1.1507327821645115,0.24826630022326146,mciuf,hjcfu,#36b51f,pentagon
1017,1.4259062551359563,-0.1560600055541599,zngut,zuurs,#91d3ef,triangle
1018,1.27277181260551,-0.46128945353195105,idhsy,ounwa,#8a857f,plus
1019,1.8409951091830763,0.38876784474712955,egfqy,eptvy,#daea77,circledHollowAsterisk
1020,1.956623381357705,-0.12589987029989846,ffrck,xpqku,#408157,circledHollowPlus
1021,1.4831477012792673,0.07300012916580667,bpjqc,oeyql,#188ee7,asterisk
1022,1.4122613687463312,0.2467078515101646,pfjic,vooaf,#e107af,asterisk
1023,1.29527763507642,-0.059386562198006865,pbfml,vluge,#161aef,pentagon
1024,1.745256540215793,0.48184912464814666,epxxj,rpiwt,#f886df,dot
1025,1.5625132422566486,-0.4392738536558668,aivgz,qjtql,#f2800f,dot
1026,1.6852716194018975,-0.4135511190044985,xhceu,zsrjn,#56d437,circledHollowPlus
1027,1.1044763303409741,-0.22888707842616574,ryhss,oqmdx,#8468af,hollowPlus
1028,1.1394688549559016,-0.31787303350439555,axpev,rhfcw,#51c37f,triangle
1029,1.5758910866171925,-0.055000927618008566,damxe,ceqwv,#791227,circledHollowPlus
1030,1.3411533874869543,0.4817487671046874,cozzz,ijfuc,#58bb8f,hollowPlus
1031,1.7414758477612935,0.41305701400928885,poxil,uggfq,#6ba65f,circle
1032,1.6774786945973004,-0.42810701685287544,llqdt,fagga,#7ba7b7,hollowPlus
1033,1.2802485425056285,-0.13360842540661677,hbddg,djhai,#261777,hollowX
1034,1.6806903578948527,-0.24728220222679087,csipv,pfkxz,#89560f,circledHollowPlus
1035,1.9581349724824362,0.16565435197337997,vmiwy,ywfrc,#d46e77,asterisk
1036,1.962968668949947,-0.49809479384745226,jghln,mmcqz,#cbf6d7,x
1037,1.7481591102783325,-0.45326971382385683,mlrsk,pikqc,#215c4f,triangle
1038,1.3581649826973394,0.3929164919554162,wnmsw,hrzjt,#eb77bf,circledHollowX
1039,1.488131178969982,0.38385111166196995,iobtz,ptdwh,#667467,asterisk
1040,1.3892166894925229,0.10238632844236084,aqghn,zznhj,#63bf9f,pentagon
1041,1.9005264959694506,-0.14596538709379425,zhmla,gfcjr,#43d45f,diamond
1042,1.561089626617839,-0.32794816029337603,hrizu,emmiu,#d4c59f,x
1043,1.2291866684012782,-0.012573181383188414,xvlok,egpue,#b63937,hollowPlus
1044,1.1587195916294997,0.33310204690745404,znmck,igxsx,#224137,circledHollowX
1045,1.1315512655440152,0.466748656123255,jerow,iyzwo,#80d357,circledHollowX
1046,1.1455383039192037,0.2708927356152908,ktlnq,injgz,#72afff,dot
1047,1.0348136391073492,-0.17028973491318233,nfgrb,jkywx,#5ce18f,triangle
1048,1.8596901211234858,0.4458993673976511,blldg,eprol,#9d1c07,asterisk
1049,1.327389628405735,-0.3898257189296992,joseb,lsros,#e31387,hollowPlus
1050,1.1779168442266867,-0.3903845311085511,dusqg,rlyno,#98c8ff,asterisk
1051,1.1247034638269247,0.4649673315955505,rowsu,euics,#b91b87,square
1052,1.2834541146011746,0.24229726445187993,pqzub,imwvq,#e39867,pentagon
1053,1.6583209272014143,-0.45033661471613184,rbhfm,rhmrg,#1244cf,dot
1054,1.4489707199077202,-0.0950551536916262,djyss,ftccc,#fd54f7,diamond
1055,1.7329616794172367,-0.2923998834178769,fnkhs,buoyg,#cc5aaf,diamond
1056,1.9192371378274347,-0.44883572619269185,uhqyn,fmkrh,#bbcb57,asterisk
1057,1.1594553692542664,-0.4774017452884911,iiczc,ojqwl,#c6b417,circledHollowAsterisk
1058,1.361234574409009,0.48980291875896453,deoct,ycpip,#8d42b7,plus
1059,1.6497219727451924,0.18534336108235905,pdozw,ferxr,#91c407,hollowX
1060,1.6112219489702078,-0.3879304869740159,qkbhx,vyfrs,#c1cb77,hollowX
1061,1.847079145095902,-0.10190308748673094,enjso,pcwxc,#8e1787,circledHollowX
1062,1.5113641718917226,-0.13697032935683207,txpby,rjdmh,#a1f697,circledHollowX
1063,1.1245225557844436,-0.0404475678086158,tzvwh,htkzf,#5eee87,x
1064,1.753787312815697,0.03821902133517163,hoppz,jbwmt,#dadbc7,x
1065,1.7981493514736357,0.2304237259066899,cgefa,vhsut,#dd3aff,asterisk
1066,1.6425878913895664,-0.20468911005952628,aprzr,uqjzh,#cc56ef,hollowPlus
1067,1.4298223723550723,-0.3086161538471024,txese,bvqwz,#1bdf07,plus
1068,1.6748488077647525,0.16612638026676563,fjenj,uefiy,#6a3867,plus
1069,1.874713244142455,-0.0063140247221042944,knris,cjsyy,#a0a1b7,square
1070,1.9372427154827216,0.04544226945548557,dfnmt,bntte,#7b3837,circledHollowAsterisk
1071,1.0030276630980302,0.3196209877534959,ocpon,wgysb,#fcc16f,hollowAsterisk
1072,1.8555483366213876,-0.48774233575744097,fhbit,qqsvk,#91086f,hollowX
1073,1.2643024870251098,0.31876813110605184,cdpwu,dxqrm,#419497,pentagon
1074,1.570962510239935,0.344775415980235,tpctu,lghpb,#9639f7,x
1075,1.4449773498265555,0.44968978850220076,mnxlg,kxmay,#34648f,x
1076,1.1966171407451167,0.4843397896678664,samwh,xdqtk,#f6bfff,hollowPlus
1077,1.5268829265827963,0.4210002549893713,asciu,tfqzl,#4745cf,hollowPlus
1078,1.0845254046387034,0.468267831665406,uurnw,vhmrp,#ca074f,x
1079,1.526605715292582,-0.17169646645960235,klrdq,sblqu,#e9a4e7,circle
1080,1.105343717046567,-0.2994924443860423,kuhyx,otucy,#4216ef,square
1081,1.9588431796580017,-0.3616701254007798,kyzew,ldape,#5785ff,asterisk
1082,1.86771110669586,-0.2828242898330391,jhbuz,yjcqb,#c6392f,hollowX
1083,1.4714722324480636,-0.11197571656105598,wfwev,wsmyx,#17225f,pentagon
1084,1.151450673458195,-0.32167519456455473,lbyml,qqcbl,#4459f7,diamond
1085,1.9997479333992991,-0.2917377929257716,tscpu,lzhyz,#a08fb7,plus
1086,1.9377156771715551,-0.2525778467065597,eseij,zlgts,#beb867,pentagon
1087,1.1120163479598864,-0.003959490026012258,sulmb,isdjy,#d144f7,circle
1088,1.9833005102334775,0.4732973759592325,fyjxk,xekig,#e0890f,circle
1089,1.6108342829115259,0.4880734787152038,jsedy,xseap,#ce01bf,diamond
1090,1.7513954672076668,-0.2555015005644975,suqnx,pmdrv,#3f3757,hollowAsterisk
1091,1.5672027899825585,0.4871088028812044,aipdy,mnovg,#3f836f,triangle
1092,1.7588843039691882,-0.46064863055776617,mzeby,llkfy,#50b43f,circledHollowPlus
1093,1.6923664977854642,-0.46325390987574055,fbmod,gswaa,#f117a7,x
1094,1.7780418744692699,-0.4105272183046882,wecxn,xrkju,#76516f,dot
1095,1.2290817431461432,-0.041053362096073465,fhzql,wnhzj,#ae8abf,circledHollowPlus
1096,1.793277060778075,0.04149065858361256,trvmx,doepq,#fc7157,hollowX
1097,1.3883920576051367,-0.25593361296870476,mdrjs,lkwqm,#78e027,square
1098,1.062021142692347,0.13207835413531543,yiiec,aorqh,#277c07,square
1099,1.9194106600789747,0.07147558640376495,igwjg,rydxr,#97ec97,hollowX
1100,1.6460581758460613,0.06377362954863586,xuetq,jxyct,#3e01bf,pentagon
1101,1.339220676358941,-0.3359608577888047,hfxvx,gierm,#7d7c17,asterisk
1102,1.1303066736967011,-0.28400452328523973,bjftw,dlaca,#4e9ea7,hollowPlus
1103,1.9061821700984132,-0.2913908846199119,bzebf,opfcg,#ec8bc7,circledHollowX
1104,1.2056440628776706,0.0030574407222198063,euklb,wplup,#3a9747,hollowAsterisk
1105,1.301139489941333,0.482938442951502,ljkyd,pfdrw,#bf9fb7,diamond
1106,1.0778010633677055,0.07715272806134099,ursve,ozsmi,#e721df,hollowPlus
1107,1.4430143373008737,-0.08702196658215255,fsxxf,kneux,#c258c7,square
1108,1.3501489378871643,0.3183234209599278,dyevi,scqyl,#20233f,hollowAsterisk
1109,1.434714384860475,0.30665433025169464,kpgcm,megtv,#75bc27,hollowPlus
1110,1.552136934649234,0.12153546595902909,bunrz,zawag,#e48327,square
1111,1.0324353354495948,-0.35434934272697716,abeni,hcvww,#70cda7,pentagon
1112,1.2688513029332613,-0.08293877713196307,dwdlv,ykzqk,#a2453f,circledHollowX
1113,1.2828876234350033,-0.4620432161183877,bgzja,avgth,#4b85d7,hollowAsterisk
1114,1.5081269787014007,0.10179366643788623,emdju,ghkzf,#5d1967,diamond
1115,1.1449700894785133,0.06815009080262047,sjsje,lnirj,#636c5f,hollowAsterisk
1116,1.477422110333834,-0.2558847608920961,alhtp,jpelc,#36d71f,circle
1117,1.0947746005818484,-0.34977920287580366,wwsas,bpwlz,#84c09f,pentagon
1118,1.3890320415157102,0.4536380318556055,qnasp,dvlju,#675117,x
1119,1.7862825813118306,-0.1829430331649583,upvvs,woqxp,#756ef7,x
1120,1.2102769172003178,-0.20762468426586167,zgsji,iwnuo,#b923d7,dot
1121,1.302007557102953,-0.30009387445012525,tzdcv,zozwc,#dd6217,hollowPlus
1122,1.399868272693302,-0.3763941979936237,oohfy,pfwzr,#8081ff,asterisk
