# object_id,ra,dec,value1,value2,color
123,0.5864524083671181,0.3097785537619333,qmril,odyyc,#54196f
124,0.7985139617916431,0.006589296928915411,fyjgv,zqron,#65471f
125,0.260861517142876,0.34570286642938164,vpdhr,fxala,#56b787
126,0.7497097915898432,0.2114775406115027,sbsha,ousuk,#261f37
127,0.025990134948174592,-0.013767240555118465,clayb,lknnp,#32ed57
128,0.16304013299656872,-0.41503790234598725,brjyb,vpopk,#e538f7
129,0.3346033117434757,0.1649433072157822,kambx,gvzrh,#9904cf
130,0.6541434162834874,-0.12469918624438048,ugzca,vzdvx,#b46a4f
131,0.7291651097788058,-0.05666186632048187,eiukz,xtptn,#2b215f
132,0.6251958077318905,0.3634425388798822,jisdf,wyovy,#b87f37
133,0.6147887695513525,-0.3068733158308893,mgbdu,tlama,#5023d7
134,0.045117013673369954,0.3918032732701304,cqqun,aljnm,#7a4537
135,0.1541923171402888,-0.2364875084950394,vqmkp,dksct,#ab46df
136,0.4133385956688497,-0.21031126333774186,bdxfr,xnkyn,#556f5f
137,0.2975545604026345,-0.2529354077739463,mbqje,iyimo,#e3482f
138,0.861917257340434,-0.017277718527537456,hjave,brayc,#847c3f
139,0.5459908123386197,0.3459480187682137,bmmqn,yzsmc,#a28f3f
140,0.34788058384726095,-0.28917819062366146,sjgem,fevxj,#7a3a3f
141,0.5933122632658335,-0.3836351875669204,uinyt,bvhfq,#925057
142,0.40964116747210366,0.3698869311823222,hcfti,mvbpw,#676507
143,0.7608011473671894,0.4857362808368467,kmrgs,fnwyj,#8bb09f
144,0.6428949497881912,0.28622679870544165,yyihk,xlvdo,#bbf6d7
145,0.2254128793137985,-0.0645774918549703,nnxzt,lfely,#b8512f
146,0.3140799064240414,0.49133958376565134,hfgaj,aqqdl,#846857
147,0.3644495716171785,0.07281987591758532,zzdqy,zunla,#a7698f
148,0.11492845574120836,-0.09674037659098678,hsmni,dojjz,#e3c22f
149,0.03053249927931556,-0.22174424129036208,iolrd,kyjgw,#6f172f
150,0.4882729546405127,0.034040811180699126,ykdea,nxiuw,#094def
151,0.8148952327510994,0.23043162052200516,urrji,cldwn,#bd8aaf
152,0.018062356498198984,0.34840988400033557,ylhbf,tpucm,#079aa7
153,0.13038166870242962,0.08739725230406492,gbppb,bjoql,#cc1807
154,0.17690130594856301,-0.13625366972557862,zaixz,hpaur,#0fb08f
155,0.15981024644697828,-0.18507983615707813,weweo,uxdip,#3234df
156,0.2563634302995976,0.3583249016099873,ogjfi,crhdi,#8b93c7
157,0.33740186997674004,-0.23452287811661432,qujnn,tzocp,#b094f7
158,0.9035030881591102,0.4530516301299763,daqzh,ilctl,#8e8b07
159,0.3692298134039944,-0.21448257041261154,xpbfk,gkbuk,#90354f
160,0.5008130240138391,-0.15815358578030236,ptmya,qfbsw,#8ebd1f
161,0.9776253085759532,0.36971506320903236,nwpzv,rlsye,#a6f267
162,0.9583837283671873,-0.05009036021978963,ztosy,vpuny,#8e47d7
163,0.4756753597995139,0.31290276193576994,kqdnj,lfzhr,#0707d7
164,0.20696287842173788,-0.15531605447367802,xbtji,jddfe,#089d7f
165,0.3198149294475183,-0.2593434913705376,jsckt,okjma,#eb9277
166,0.15185826844592798,0.13974181717667422,hypfn,hjlfn,#4bb477
167,0.5915717952453892,-0.43643931147208304,wzeci,hfpgz,#c7b42f
168,0.24802831285533633,0.19009453567118018,wdols,veqhz,#8ec937
169,0.6478567082227341,0.3852395598543993,kxdyf,aarqm,#fbbb47
170,0.9124956280747475,0.48575533890833966,wdhwq,gxviz,#9dfd37
171,0.12135742771310964,0.4342834651180254,ylkux,xrocl,#e94c7f
172,0.8150859946542254,0.21456981811043985,arynt,laalb,#1eb5df
173,0.5000445363120821,0.07378450227977751,awdok,khxgr,#cfc9f7
174,0.0857542310299757,-0.2942398156597186,hjbca,dddak,#253e1f
175,0.6005209554428457,-0.41119935544672837,hrkct,xikwq,#25e21f
176,0.45976500134793274,0.3465828424604678,wwfdl,fddya,#22bc5f
177,0.040478606470011225,-0.34373899983531875,cdsts,vhosz,#e2de67
178,0.23680041645242667,-0.3644638870905563,tinvg,otser,#2b5777
179,0.9523802806889095,-0.3949212646105611,fxxqh,hmijj,#562737
180,0.6022721206051033,0.4825786110427507,ujvxe,juvzs,#09bf6f
181,0.2989135258671892,-0.1413049929400515,eikrm,olbyi,#b9b207
182,0.5681280052601024,-0.08310868080882083,fctdf,trxib,#ba25d7
183,0.903142902639419,0.0016210549900809168,gslin,eqgla,#ae1b7f
184,0.5308685541190269,0.13256241537376479,ceolp,bzgrh,#fcf18f
185,0.5689435470456031,0.21717787899624874,evttb,orrtj,#a6ffa7
186,0.4136966585317443,0.32793231503214837,fvvxd,anoxl,#72dfff
187,0.5601216423768535,-0.46851841232599034,doqis,uxuht,#750a7f
188,0.1524873626864286,-0.03092075086684798,mpxak,hbtkx,#46419f
189,0.3781058239852437,0.10659170378743177,kyndi,qziyq,#2d0e97
190,0.6774488462433396,0.49722071551977,uwcyi,bmgfd,#9d0987
191,0.04821899388067896,0.15989260081221357,efpgo,iwkqx,#2176b7
192,0.42801316648940946,0.29752823565126896,vmxff,ofkho,#5a86bf
193,0.9206864896595308,0.4418411401089183,jgawy,rvlmi,#c8d3c7
194,0.8021763825770621,0.14855447897274987,wfvnz,xaavh,#109677
195,0.2025288276264383,0.18274285979367944,ykagf,tflnp,#5a9ca7
196,0.10293767697170175,0.4473314819226175,yilqx,hdiyl,#1869a7
197,0.9521039533252815,-0.2090990025610523,udzwz,lwdzl,#3fa297
198,0.17795110322183694,0.40649619577029517,oqtjf,hwzga,#5138ff
199,0.3595407891457363,-0.31224947293583816,isvcb,gvqzu,#e276ff
200,0.35421151360402636,0.33667730645939686,abbhm,eimkb,#fdabcf
201,0.9945335266373134,0.017927334102613268,sozar,wknlz,#83e07f
202,0.24321462474546862,-0.2555733816708601,hqtzt,ylrxs,#d87837
203,0.2775356325625883,-0.31129239748332715,iyivh,bjzct,#4aee17
204,0.9667198357015317,0.4809735730552642,fsqjb,jnvwo,#e5b187
205,0.7292388934149748,-0.13808546019507173,vgtxw,nboyn,#b9f73f
206,0.8217316814180743,-0.26682641495063575,oshwj,ujsyn,#5cd9ff
207,0.2662157250440518,0.23663896269611573,odcat,hiyxl,#32280f
208,0.9111135094233348,-0.10581457756699297,khwpk,nmrqi,#96335f
209,0.3906160215728556,0.17664467560495434,fjxfp,cssss,#86836f
210,0.7144033167668421,-0.2413256433022095,yzpyq,ishgr,#187a6f
211,0.7436009519869634,0.012571656831371847,byobi,lasfk,#4d99a7
212,0.5086820216513138,-0.25610110262215,yzksc,panai,#7c036f
213,0.059538338464169116,-0.0851736629729467,zkpue,dbibz,#adc297
214,0.593793005489264,-0.012030372010623291,ibqjj,sarpu,#0622b7
215,0.589717851331057,-0.42559270554619,cpqix,nzvvo,#30dd4f
216,0.7736889199102196,-0.2769926058149834,priru,kyzjm,#dff667
217,0.2961625114694977,0.4327611172458826,obokj,dypdc,#65976f
218,0.8670685843735736,-0.025115998087116842,seeuh,bccgp,#5b0697
219,0.1454276144974188,-0.20276979477733048,bsmps,bjyzt,#9ad0b7
220,0.14426908411485084,-0.3375612911865442,tikto,tdwlo,#5f8a97
221,0.3246563234842885,0.4975037427422725,oxvfx,xpyyd,#26d06f
222,0.4874533602136639,-0.3563001662290598,nmyir,mqmus,#27ef2f
223,0.7391051408291393,-0.39584638603506217,jqdrm,gxyet,#37217f
224,0.29924082243117545,0.32900945015687044,fbzhe,iyfmy,#d7aed7
225,0.5728560063006355,0.2933066383854138,lfbms,mftse,#de5a97
226,0.05179479263077924,-0.3745037391852637,vndqi,zwajc,#efbebf
227,0.4955758100519283,0.3652498515807494,rzgpd,shggy,#dc32f7
228,0.11402787178552676,-0.18543105589473263,bttpf,kxule,#058ad7
229,0.7442045247333043,-0.04408086650665899,npwbc,spcqw,#e97e3f
230,0.7712238515901019,-0.0021480061649445936,gmkne,ozkog,#0f0e6f
231,0.6307464563077013,-0.16948471183795222,vhcdx,owmhq,#e996ff
232,0.887652934507881,0.32967894224295746,inkvr,lexec,#71641f
233,0.8568358167289718,-0.44586351620166276,cyqsm,crkge,#be7cd7
234,0.16573027257568873,-0.2293498822177953,sfxug,txwjm,#523a7f
235,0.6109669094023213,-0.3934071015956979,aslka,xwwwe,#030daf
236,0.8704826062702915,-0.34142722357060895,brtrn,qismi,#28d52f
237,0.15999150210261426,-0.46402667272718745,ghqlb,qzrvs,#7e8f7f
238,0.3519012677080211,0.11572149093435236,hfeoy,pbkhv,#5c2bbf
239,0.0688634317596466,0.23706531997596347,plvbt,scdga,#cf7f77
240,0.6438251845272733,-0.4572458322366191,wtryd,ekfbs,#9b68f7
241,0.8745042822691651,0.48566923988545074,ronyh,omzfb,#51520f
242,0.7888694266925209,0.01726174445014017,telej,eaqrf,#aa04af
243,0.0042584467240279755,0.35446291928568663,xglrj,xjbbq,#89ebf7
244,0.5110957777847915,-0.3356857699988176,czmyl,bfyal,#e69957
245,0.5628049023233677,-0.3084766260141897,gqgjq,nghne,#36b63f
246,0.046533645126376366,0.30099634022877375,viiyq,vxhsj,#bbf0ef
247,0.4595090310860256,0.03695881843310367,jlixk,pqvje,#4b87d7
248,0.3905194382961086,-0.07302887464055197,syely,enhbe,#b0728f
249,0.18519222690815418,0.06236519162665877,oqldf,volcv,#84ad97
250,0.9026877228002482,-0.4541751954922528,ndvyj,bdeec,#dd1e3f
251,0.48563336890864606,-0.49973668616010203,uvkoq,lhgbp,#585c77
252,0.3307073305876781,-0.2778241134519439,cybfk,qqtsw,#54d997
253,0.2845203357609176,0.032461022650999705,cmvqp,lljwt,#451497
254,0.672150125203267,-0.0631843622029572,uetmt,wscqy,#f85d57
255,0.31682277150719906,-0.06269104701749695,dxplx,krlhu,#cc6a17
256,0.03444924527555937,0.16177879546911866,zepjt,jstha,#691067
257,0.5715514147659264,0.3100497509527217,gjpsm,zzdan,#f12367
258,0.5834327103007049,0.4128645468516101,ztxgd,kfooa,#9030c7
259,0.2654958330958901,0.43627268995085,mhjoy,nlgbn,#c619b7
260,0.22831514700021527,0.44965148618000017,sghxx,cyrlk,#3f97bf
261,0.830347267914308,-0.18403224263428786,sskio,iotzi,#761edf
262,0.35210481516351755,0.22225186906198546,mlstd,xovez,#13e417
263,0.8058168762967054,-0.3233372610243681,ljisv,lwokm,#1da67f
264,0.2333894993602732,-0.46994765404808236,tojmx,acrlx,#faceaf
265,0.36831058467328426,-0.47712533237633326,bvuuk,kryfp,#30188f
266,0.3861368142533248,0.37495427912694623,qbiwx,emzlk,#c9fa57
267,0.7191846414553308,0.26108801140034377,tolnb,omsxp,#83e1c7
268,0.5448956831183651,-0.41097206206817105,wvypu,tgdqy,#0cb567
269,0.2434538944394562,-0.05769493031848716,dcpcp,oqzes,#10beef
270,0.571518399599795,-0.2726010075132652,fxjow,kdwum,#3e3037
271,0.5769784530993488,-0.4979212254820099,kohet,sbdlh,#517e97
272,0.4160330254704139,0.2501502196609766,gxucy,yuuxm,#7d2217
273,0.49654692200284667,0.2691180219834264,luzuz,ryayo,#7811f7
274,0.01969018851634108,-0.299153756743332,hvvrf,gijsh,#5ade77
275,0.25076543519186967,-0.35024599186816197,nqidw,dqjhs,#021acf
276,0.5647382788617896,-0.012602276708175708,bmird,epang,#68949f
277,0.914435377222756,0.21639743767995911,gotqb,ztkdz,#ea0b97
278,0.3806980201690655,0.2025324562785208,eeyla,fnscx,#2c16cf
279,0.5228349257527491,0.3201658897981532,jgwda,eqqjc,#a044b7
280,0.06626258682745367,0.32384146738953656,digiw,fzvhd,#dd3d57
281,0.00024329629524499907,0.24779959868835566,zrufv,tzlxy,#0c06b7
282,0.06554470919556299,0.11195058387163115,kwpkj,ffrmc,#9e310f
283,0.6963038072726873,-0.19046831587684232,vesio,mflmh,#59ec2f
284,0.06457197125306757,-0.2583033487912113,xjscp,piyts,#fb9b67
285,0.9266954534293163,-0.08371472784833234,dswzx,dxeta,#893fbf
286,0.3221124812197136,-0.3798314010852102,dptum,wkjdx,#63951f
287,0.8335581864199784,0.4017416272221913,sfvgd,umxjm,#74952f
288,0.47938805104910587,0.03994175732412997,wrqfm,fiftx,#bb326f
289,0.4955233296937527,0.19512720124602967,jsfhg,fxiio,#192577
290,0.13859142553726855,0.07724645212370085,rkudh,hmqbc,#5410af
291,0.287090064555764,-0.003061083319870206,srvsb,vlzya,#cef747
292,0.2904926810529964,-0.175174314998231,xmgev,xyenx,#e43447
293,0.008970108010147193,-0.1877796374739772,ctojd,xmuue,#e68bdf
294,0.9964214782040469,-0.03716131389107202,bbqrb,vcntm,#dbeb07
295,0.879655693666611,0.04995323084904846,kxfal,icmlc,#692b77
296,0.10364862444503009,0.3921032797680051,ogewa,sgapf,#a96067
297,0.006676272906194103,0.1534903057878111,dhfym,aafeh,#c0dcf7
298,0.7721159668454255,0.026000555553225446,hdilm,ozcrq,#114ba7
299,0.14474471362625352,0.04134625254763902,mhqtm,ijlkn,#29004f
300,0.7841653360648468,-0.3669349394677478,fbsom,nbzup,#133f2f
301,0.480831722310085,-0.4891040562918769,jbjwt,gmqwb,#9254ef
302,0.16018973891386568,-0.4040836505062907,tgkqu,xlirr,#7a092f
303,0.07730093849269937,0.36886887950691294,htpac,iqlyu,#6c6bbf
304,0.363787541431568,-0.22299003285592334,nfwte,nbvav,#dbbaaf
305,0.41878964493322635,0.19693612647608227,jsrpz,mywxa,#7190df
306,0.9174586613566249,-0.01903491281826497,mjoxv,pqdso,#dd0d9f
307,0.9406255548158585,-0.28855066508635463,pwwio,gudoz,#480057
308,0.017605541303310268,-0.09117228547600786,dmyrz,fnnns,#2f6d6f
309,0.6601028022525743,0.23142146942204067,bampb,ipaet,#d82bef
310,0.0791424688814849,0.27097473514979287,xyabi,iuhbr,#069c7f
311,0.5167162183938026,0.19366117665451266,jjcdk,orrxl,#ef0507
312,0.6658617239387692,-0.19030611121318386,zwbya,jxhop,#36767f
313,0.5920531767425995,-0.36058562315629883,dchyo,wfkmv,#28b1ef
314,0.635010897913429,-0.23731573638263959,fsxel,hmpzl,#6c2377
315,0.06534674138006313,-0.2577867806595797,fpiae,yfyvq,#eb1137
316,0.6564057840685645,-0.4588406386129591,rldoo,yzpft,#403cb7
317,0.251596293322356,-0.049342917760311855,lpumd,hqklj,#317ccf
318,0.720528613853141,0.16553340802175187,wlocq,lrurc,#51710f
319,0.6878362940997139,0.4098485774966797,ftrab,ifqmy,#18188f
320,0.14672560480113372,0.4056271716941484,okmru,ozjmw,#01ce3f
321,0.7601699006700128,0.40601754488087183,euukv,ejrqq,#70cce7
322,0.23933936241241227,0.003649796891289747,mqdqb,mvdxe,#f26e0f
323,0.013512685820039616,-0.12379446503578784,dnlel,nszlo,#2d4057
324,0.26034579833057214,0.41092425894606477,flvmo,hhafu,#beaca7
325,0.3105397236223232,0.4829148241605187,neiaf,bhbyx,#e8235f
326,0.7031234457353158,-0.47718916125613664,upvgv,eobly,#6bb087
327,0.5794705624861443,0.16965208623196404,kjqer,oqwma,#bf7517
328,0.7931743312149138,-0.2058920252701979,lfqzp,vlznd,#8f9f47
329,0.2023578580831018,0.08268411249471952,cagiq,nllbk,#cb6147
330,0.5405441394100292,0.031491905534738796,qvezd,ihlqk,#39e937
331,0.9386119996897967,-0.08872767627525746,mqqpw,orgit,#66d31f
332,0.32550493444580264,0.21069548194232657,kmvjo,zpkan,#25082f
333,0.6332107966488791,0.4721338300157698,myfti,wzyki,#c4b5af
334,0.7419204651154365,-0.16930229606111358,khbju,wpwea,#603137
335,0.05168329194510879,-0.036832194460299617,pirti,vpvfp,#95c897
336,0.4882707605890725,-0.15895429530193228,fsamy,kkwku,#e43967
337,0.802814295648426,-0.287132133568891,koxvh,hjsou,#cb778f
338,0.2713526271412623,0.3870590016857324,fiqmf,ogghc,#0b8adf
339,0.7890827469290062,-0.353126660579562,htgfn,nlpxw,#b6edcf
340,0.9582434395418687,-0.49927516607520295,ygttx,wiudd,#6e49e7
341,0.6209111924411982,-0.18275381866925366,nwbnc,lahmp,#b53757
342,0.8329822648912645,0.12521559281171435,ravqu,bjcis,#7e3cdf
343,0.7448293041522421,0.20139453197126256,wurrd,xjdor,#4392ef
344,0.9807859944741343,0.3275822077535794,tqvqo,tboww,#e10807
345,0.8154033668867322,-0.029727777100249653,nfwce,cetys,#84074f
346,0.8507602107287129,-0.27495839434333413,fkykj,lohdh,#a94f5f
347,0.42908665591310957,-0.02624099695270088,yruts,okxgc,#552527
348,0.9045152069996406,0.2158720684770835,hsdhk,ekomc,#73ae3f
349,0.2655709297258534,-0.17166038361909308,eqamc,sgvtr,#02a76f
350,0.8046931726972981,-0.43612744127534486,mxtjw,jtqwt,#d8de47
351,0.463906116681128,-0.4609122814429534,wpeee,vdycf,#d273e7
352,0.29146940984092573,0.4573276405726686,mhwvf,eowwn,#c485ef
353,0.8414613814032808,0.4096557656672931,pddjn,croke,#839a0f
354,0.03680932150979055,0.1232233062527196,cotld,xdbds,#6fec07
355,0.6489696367642601,-0.43925899820618786,zlrgp,aznkr,#7bfb67
356,0.16396482498640508,-0.3158107458171915,anfsh,iklwj,#0b1a5f
357,0.1117275605769964,-0.021811206325248134,vregx,xnviw,#9de8df
358,0.7061276181658194,-0.20910430817888015,ydqap,lnovj,#68d5a7
359,0.5207052664973724,0.43522147504660147,ihmhx,mkdhd,#2e7f27
360,0.29417204758089777,-0.4477724352465453,tgcmq,bdvae,#aa996f
361,0.030832208036855935,0.18568178921107625,ptxig,zhwql,#cf55bf
362,0.14959037315111479,-0.19580116242456858,rzoqd,gtlzn,#07f4cf
363,0.41772196963516783,0.014168340530857915,lxyvt,vtxdw,#a0ea77
364,0.860204095496657,0.012743106285477368,inrnw,roysb,#268be7
365,0.38449331162083755,0.2963457664915484,ouifg,hufdl,#9e56e7
366,0.6703900389181872,0.11119137808282109,spmeo,khtyt,#a5ba6f
367,0.021490949405682858,-0.3802816524218261,unspc,wlioi,#ed75ef
368,0.36068206788410384,0.3654252549614332,plfzh,iphec,#56e1bf
369,0.1542667887578666,0.45315329992031894,nsvui,xlzpr,#9c0b27
370,0.33560493157087223,-0.18690357632092902,orajj,cqsyl,#0cda1f
371,0.4273043826318049,0.42787591935209746,azptf,snass,#69b7a7
372,0.3716296994409629,0.12997453680386228,txsry,udfmv,#431157
373,0.4917148240661139,0.18135023212931067,uyooz,pmkgl,#9a9c27
374,0.7859030212289355,-0.30374898460303457,ogwag,yrvuk,#03abe7
375,0.31017778396355744,0.18821315520054738,kxavy,ebukg,#63e1a7
376,0.910735567183628,-0.08457908647938484,azmmy,nhjdi,#2d32d7
377,0.8005754682516725,-0.1433572188920026,khpap,obzor,#683af7
378,0.448857143005977,0.3585072177372999,hfuwt,ztisi,#d4e36f
379,0.16573670006120145,-0.15101174990991806,axhyt,dzaoo,#7e9c47
380,0.5900047236458508,-0.33586600261087507,ispxj,nrncc,#ff51cf
381,0.38547297615223164,-0.30990369189915745,daogk,dshwf,#bcff8f
382,0.6461704393538935,0.13549055135527388,vrorx,fxigj,#4519ff
383,0.22303290393741249,0.22669213907863506,hchcs,lxhsj,#156e6f
384,0.7915065684404939,-0.23821674301956552,cesgj,vlgew,#2aee7f
385,0.8921740345692276,0.443211970631599,vubjf,bucsf,#26b7ff
386,0.17837613991607537,0.3716657237477151,omvku,sitad,#d79d7f
387,0.4230381940246938,-0.24669659824102907,fdtut,xwsxu,#f04167
388,0.5912347331101651,0.04051009111934967,qwfyp,amqnx,#6184bf
389,0.3030750587473766,-0.13493891189605656,pqbks,sxqsc,#63bd7f
390,0.9202167189882665,-0.20876584912567286,duxbt,sztjy,#cb9e6f
391,0.21221710365514812,-0.269852274274644,gtopf,hnqau,#a2a8df
392,0.26150690022864154,0.04909868670987261,uxabo,aenjt,#bf926f
393,0.46808963543012017,-0.3786144337179932,xqupy,xzzeb,#4ada9f
394,0.19785072655249103,-0.49216586465366663,vmglk,zerci,#34584f
395,0.6541427077723013,0.46365802047747795,jkwcx,telqk,#a4d107
396,0.22540008573945347,0.3802446044898927,bdthm,pmcyd,#a62cd7
397,0.7956890306355393,-0.31815938489345774,fujfp,torik,#97bef7
398,0.2965438078736714,0.18956659430771305,rlwin,hcevo,#d1b1c7
399,0.23383103656198712,-0.1311859692832068,iantj,ydpfv,#5835ef
400,0.3966832314111983,0.4085845688158617,gbspc,mhzie,#42dd87
401,0.20748181661864196,-0.3409371630474849,axusk,bauqy,#3749ff
402,0.19717500453810888,0.10132779534146419,jrrli,csnyp,#d4596f
403,0.8849752524450054,0.11631990581301554,cgzwf,upgaa,#3b72cf
404,0.5869833314962584,-0.409960431599789,ydoui,ygsta,#528497
405,0.4726289669157072,-0.4857803805136872,ebwux,rpmyo,#e13627
406,0.7457812042671674,0.02488145170880185,cbyrx,rycwf,#fd1f47
407,0.6340840949778408,0.45265640590682055,hrpvp,uhnhw,#f3336f
408,0.533299050325941,-0.05824189112116207,enven,eschl,#79afff
409,0.28542900708746255,-0.05951078741922089,urtqm,jyfwf,#d9c4cf
410,0.08082076260185045,0.09764150636351265,hyuii,muiyl,#622797
411,0.27337620749246705,0.10562388946264789,iresu,laqpu,#63860f
412,0.7985265410655411,0.28315108698917546,isjyp,qxwjr,#66767f
413,0.5719146718229652,0.27252657085754706,iwcbw,tpjmr,#a7a887
414,0.6901209935830764,-0.38376868356931393,xrojm,hgrix,#42b5b7
415,0.2976149486142271,-0.032543872786527706,xvxgt,exbjh,#65233f
416,0.6306579539044649,-0.16952185734227376,kkwaw,qwvqy,#391aaf
417,0.29798152184908877,-0.26861339074969726,iqzan,oktgr,#1e9947
418,0.8585855177898846,-0.3784407013727866,esgxl,oyrdk,#185f7f
419,0.7438681809405941,0.3162480035326326,xwouu,gibvb,#43a937
420,0.23050817867832507,0.088783953282634,fvcdc,esphh,#02627f
421,0.5115654872173492,-0.060009001655005,aiyay,decyh,#3e894f
422,0.8244296156128261,-0.07171884717673904,ncbev,khxsd,#fa1cb7
423,0.26240730080887453,-0.11378052221964474,uatgl,tshaa,#63182f
424,0.571622812849576,0.1445495877673978,ikwyt,pyoso,#f93e57
425,0.6232977791374721,0.2623420678288977,xvbje,eiflv,#c5b6a7
426,0.6698867504757018,-0.01758099496544674,uxybb,ooqxv,#4368ff
427,0.3591157106418479,-0.4871821480787367,qawyd,paagf,#fa1bff
428,0.4699301534055901,-0.1319958344695783,wxbyu,odmhe,#880fe7
429,0.15068762001574876,-0.31932505647766296,wnxwx,dzmzb,#265167
430,0.9108334152820345,0.05123186774774413,iesgp,juoev,#0c8d0f
431,0.1637933852340624,-0.06815500293930521,ddsmt,wnakc,#7ea067
432,0.9549911987772925,-0.06427571064996151,qeqxb,agrcn,#5c72bf
433,0.19628661881617382,0.4595346113432982,vljel,mjuyl,#e8923f
434,0.8065999115339102,0.46543507299288134,nthro,basrh,#ed276f
435,0.3204142013036787,-0.4210447294563312,wwjec,cbedm,#cb705f
436,0.0901699662197728,0.33018738073789633,sttyt,blyrd,#f02caf
437,0.9395981965292892,0.4028628713824799,rqlyh,hunhn,#6d99af
438,0.08101600046383306,0.4164795766990689,hcltt,asxvs,#5dc17f
439,0.032104643841786684,-0.15767283019745215,tkecz,fnpva,#805277
440,0.7632447248829604,-0.06671958485242813,syzhd,iugci,#487c97
441,0.46722688067074614,-0.15346192309811446,yjxgl,elrmd,#eec737
442,0.737168948854536,0.2867692205650799,bdkrx,dhbcn,#ab33ff
443,0.39013638426756136,0.053972356643732344,gbqks,tlqvg,#0187b7
444,0.6618772808755893,0.4212841393266711,wvsni,brlid,#4bd51f
445,0.5281373213192716,-0.41627496420513044,dvgzq,ogxdj,#c6a99f
446,0.3427665371874937,-0.4019879075303323,ukwhz,goghm,#7a9def
447,0.7482037824031967,-0.4958428568475739,hhswc,yvxki,#660667
448,0.6741649596855583,0.45782587104200645,gjpzy,uwkmf,#d09d07
449,0.21975639910389733,-0.027192564873547598,qdiwi,yrrjk,#33cd6f
450,0.7443026335487809,-0.3501150500724375,svqtq,hmkom,#d3fb37
451,0.2706880824159813,0.3161742457986926,fuyqe,deonh,#6cc3a7
452,0.038337042852812586,-0.3172908098036584,yuqnm,pnvxn,#89b64f
453,0.9267084338823154,-0.06340601559029013,nzoaw,ovwui,#cef0f7
454,0.11680757299221833,0.4398447962966797,ofrqh,vcncg,#f5e757
455,0.14401951036741245,0.1815539265631605,gkrpp,naphz,#5c696f
456,0.11626347216552835,0.3647107608781599,odwtx,maiqp,#986f1f
457,0.5529289646257016,-0.42898710601922874,rptsi,abzyu,#10e9e7
458,0.5804511580887955,-0.4478530579450646,bdjet,flnrl,#bd9697
459,0.8616145141438373,0.39590697111530215,wwvnp,uaogo,#f18c67
460,0.9286943219246246,-0.45430500816638675,pkfol,uerpg,#98b977
461,0.718968658239611,-0.1681622023663356,pmmbe,nddho,#212a47
462,0.7583395577284165,-0.11894798235847825,vapqv,vqoqp,#99211f
463,0.7452900293856647,-0.0661430792933837,txjub,ddeqr,#776b7f
464,0.22392999086465537,-0.4976636721646016,nsuzq,zbxpf,#b6963f
465,0.8095440418707093,0.38258469540257356,axrqv,dnall,#d2be2f
466,0.6749766026490397,0.3860887154186441,rahwk,vrdsl,#e2526f
467,0.4425157510184873,0.17105894303727853,ipvlr,wahql,#9d63c7
468,0.5159797789057888,0.16495038325712508,bthjy,ogjrj,#e8e81f
469,0.17306904836366122,0.3259548246499744,nafzz,scslx,#79de77
470,0.49833370861654436,-0.04773607987376205,tflpt,zqepo,#f33917
471,0.8199004450174374,0.4341648415265369,fnlkc,exmbp,#9ea9df
472,0.8983369672348585,-0.03817342739826024,jdmls,ijjpj,#3086f7
473,0.7416759625849277,-0.13932528306706404,gpftn,nvorn,#1068af
474,0.3735665216762789,-0.4427547293734403,oibow,usten,#180a57
475,0.03429167864529736,-0.38684606062070903,vpwls,xguxd,#6e7a4f
476,0.8416543343914956,-0.18874640424201616,ofpkq,mweuo,#3da117
477,0.8601339097244418,-0.30254393306609906,skbxt,hbpug,#0c0477
478,0.18716346450459254,0.03548586302623491,enxzg,tadcr,#104f07
479,0.02851824795170066,-0.06234120746398153,hxovt,qgctq,#f9615f
480,0.17448509766425047,-0.20503129532070985,gpwzp,ssril,#38c167
481,0.4741722794865155,-0.12205885048049969,ljtnp,ocbei,#a8cd17
482,0.16869857185906634,0.11253650505107216,ldbzn,ougli,#9af9b7
483,0.24176062703475087,0.39803622836096564,mgwqs,qnent,#a16947
484,0.9876343608459622,0.09274013508985957,mjfxm,lxqta,#38b1ef
485,0.29078369932654735,-0.3750150885001574,gzsku,kvprc,#11344f
486,0.3541057828629358,0.3581970745782358,rqloh,rgaqq,#0e6c1f
487,0.11748632366901468,0.12091391115956773,wweyj,ldsqf,#c4f98f
488,0.850753925790668,0.07890353031516628,csymb,kqzjy,#3b4717
489,0.488440693885718,-0.1532598593300467,iutkc,ywmgr,#b3e43f
490,0.04624490649165236,0.48669675160644676,xuhlt,jsvqv,#44e87f
491,0.9896482892972953,-0.25845777876214826,aaypl,pqkwt,#a2262f
492,0.2359004377027799,0.4209753058608692,dplqx,agylx,#343d6f
493,0.5879506137181697,-0.22491361093930673,awpaq,kyufm,#49862f
494,0.5754365995017908,-0.4310828305473593,qmswn,jweni,#2d9d8f
495,0.6441398354179113,-0.0015449778485371324,ukfsr,bbugt,#9b00df
496,0.9023630263408248,0.3156175358443539,wqrad,fzqdo,#ea0337
497,0.9408839638477381,-0.1540898120408365,jkuhz,rmffl,#374e87
498,0.7474817876617057,0.4764909126919764,vywdj,vyecb,#b4b95f
499,0.6667659113649325,0.43545639118982404,pzdij,bzgku,#9ad937
500,0.8547142488733244,-0.05685064902888637,mtfup,sgiwb,#15add7
501,0.5436141252764731,0.20925789064203104,ryklj,rhywi,#191777
502,0.12539725573627403,0.07921301161114935,tunkt,vnpva,#8f1b5f
503,0.07797921180478318,0.16044989541448362,aeozt,wtfyo,#88387f
504,0.981042867866036,0.032819363360353515,hjsad,wkofm,#c80f1f
505,0.07205769100061377,0.4253956255066246,toccp,eqwxm,#fd5f0f
506,0.9932806664131231,0.0481690928979579,oarjd,wsouv,#fb3ec7
507,0.32288526660678574,0.025643097770632783,ruaxh,wwnin,#e19e1f
508,0.196102848435448,0.1220721296556313,vovfh,kkixt,#554e57
509,0.29257358031952363,0.41549307346044284,wbuuc,znqsf,#e7455f
510,0.024331583410583835,-0.23988547118248105,ewqty,famlj,#8c6587
511,0.7614896726192472,0.34730940189202864,cxmak,imwyq,#ff0e97
512,0.1089739817688089,-0.19014325170353874,tekma,rzenl,#a7788f
513,0.5878016108199097,0.06347041829563926,hgqwd,usoul,#785847
514,0.22005811079553284,-0.13587647035092842,muudd,zatog,#2cd287
515,0.7976943330002039,-0.4220892709773941,melpp,wveza,#51c257
516,0.7094535935337705,-0.21984559728787023,qddrm,xvdtr,#c4681f
517,0.9347279449753564,-0.17890512899772537,ugtdk,whoeh,#20d987
518,0.12739238162919397,-0.11418125640664134,reqpx,fvqys,#9c5c5f
519,0.5263008478961855,0.313896168416559,hvxnv,krjow,#f3df07
520,0.3424582048034144,-0.06822069504417139,xmbvg,kjgzx,#306d5f
521,0.0668394637921601,-0.38077087609670046,zxaba,aymva,#e9a807
522,0.6511386919724377,0.33829465766796574,vkwbb,oguwe,#7fab07
523,0.439211555872985,0.44336992985059176,fjqck,njcaj,#93285f
524,0.7164358474419948,-0.41095362416290926,ptfug,zqzvv,#2f474f
525,0.7162328383441049,-0.06774587047393366,lodnu,deqeq,#c2a55f
526,0.6842798355793213,0.11561526151626023,ngfju,fsmgl,#d4bd67
527,0.7121070382033857,0.12714178325972758,kuyxx,fefiu,#b7410f
528,0.5062555909244121,0.09302176163248987,ayuhl,blomv,#f41bf7
529,0.7142883858003138,-0.3578099078786867,jmkbs,afxvn,#24da37
530,0.8665538028084735,-0.23674273522175826,dkqae,dpyhy,#71c817
531,0.5134637018761484,0.1292547978676103,jxnba,zkkdv,#62fbcf
532,0.5399981720723822,-0.060209086616208496,mxizw,keavn,#ed0f5f
533,0.8180590068215667,0.16116774915530907,uxvjc,dqpqs,#23020f
534,0.6022136052762909,-0.3624004002082485,bsktr,rffjq,#e58207
535,0.04388940085997306,-0.19359836031797806,bywcs,pbjck,#c31e47
536,0.3535621514873797,-0.15791148334609817,zsqlz,kcpnh,#28f9e7
537,0.5028890001348373,0.3975191943561448,fwgnv,xqjzw,#649977
538,0.9196619843596424,0.05976018583127607,hqgqe,dnpvh,#a074d7
539,0.4315644509447236,0.37529681599979303,bpegy,epowc,#e94fa7
540,0.8228915172370302,0.4771638302044935,ztlok,ydsbo,#e61407
541,0.7857808940767672,0.03338072038280382,jaawv,tjzmo,#9fe96f
542,0.23176801339522268,-0.2617761076546876,rzdgt,jvwfv,#2d7877
543,0.8409369762609231,-0.46957666041950685,mawiv,bftbo,#3a759f
544,0.21233375132818688,0.10461862936245869,ldbpd,rxhsd,#60d1c7
545,0.989896445190014,-0.23972717317485825,pndyp,jkcsf,#59ae6f
546,0.8974900906527145,0.2907088457004259,bqngf,pytmd,#036337
547,0.7557615764553259,0.07117099619381417,hlxes,zrjed,#a274df
548,0.824427226951016,-0.18411206840870176,yugrq,imxda,#66a947
549,0.8076145880685394,0.2254955227407922,ncxlc,klhui,#eebc5f
550,0.8191331613166064,0.3595897569496841,qlqqf,vlgvs,#d5acd7
551,0.48887136870691583,-0.1859132168897677,gttee,xoosg,#bb7d57
552,0.6303415319944349,-0.22045519043741735,fhhpa,cbwrq,#50a197
553,0.5975151321652034,0.33957171033797684,fauyy,frszf,#256d4f
554,0.7551076320690306,-0.028874655016205897,mhiyd,hphgr,#c658cf
555,0.8993235944546568,0.21420728452823856,ndgbl,blxig,#974bd7
556,0.4340769930462366,0.32248374967992366,kjrvl,sddkh,#1d033f
557,0.6212267112657588,0.4953791510179477,yfoyg,rdyyg,#8ec107
558,0.14601066999823764,0.02516202126956446,myfnx,iovjj,#91240f
559,0.8108169589059786,-0.4790416455787293,bkzdh,qhnti,#025e37
560,0.7542215304093012,0.14711439302868512,gagrz,iosyy,#8a6b0f
561,0.9739842222449775,0.014542625976741164,acoqp,jjuas,#71c55f
562,0.229935270670804,0.4166496113222893,kbrec,xjunw,#5d4a4f
563,0.43595614438811003,-0.10200136541593963,qlyqk,phjxr,#e9a7c7
564,0.9397595976036183,0.05700550541671556,waetk,vyyll,#326637
565,0.3172909526991389,-0.30145108321131553,bwbmz,xqhpj,#cc0ddf
566,0.9456388890007567,0.22854854204738884,mjyqd,twzep,#92790f
567,0.45493227000882774,-0.3963063862503333,ingwr,afqes,#04e877
568,0.3953364982797264,0.2190258541461857,hsiqt,kmhlv,#240037
569,0.9307816832068115,-0.11495194055108904,clpbq,qelfa,#64a877
570,0.09233521502971143,-0.2158649781511366,beovo,gnsqo,#1dca5f
571,0.9005210269684578,-0.2915290196504793,oxufs,cfttk,#517c57
572,0.5489741879532498,-0.2541983950693364,jembb,ssxgw,#c0131f
573,0.5266009738277507,-0.34602320732284697,kdrya,porpg,#49968f
574,0.3441994900597899,-0.15094828750013534,uqgea,cpvze,#3a2a8f
575,0.7463804033206697,-0.2995787501499986,epatu,xddpc,#101de7
576,0.6304391652190716,0.18206455035419977,mqvfh,lkczc,#23102f
577,0.210315723013911,0.297414395833987,gdcfi,xsjrv,#2f1d37
578,0.6110047404015824,0.1049866178176122,jlelt,nuypq,#c5e527
579,0.6894329880355672,0.30480006021442907,enjet,mfubm,#2b5f07
580,0.2834426043714531,0.37622488268318355,isjfw,waccp,#335657
581,0.08004703692684634,0.4207402530545845,mdbfw,ntapo,#9ba447
582,0.030190609977680416,-0.4168725882998583,hwuvz,clqxt,#9bdcef
583,0.6625656956174804,0.19213004495944375,ikrqq,shpkd,#436bff
584,0.7958574008558591,-0.3385168846762795,fmoiy,hbxlb,#eded37
585,0.5025819974046194,0.011433693453969274,kcufn,hjsdw,#82132f
586,0.5276099941244784,-0.2390598970937876,cmvaf,zrgso,#6b9eb7
587,0.7622089739686344,-0.4625145925691051,zcyan,anare,#65c087
588,0.8696983804489508,0.32914195072385855,qazxh,jlykl,#bb0ba7
589,0.9399692575103867,-0.06915526427948548,egomc,koprh,#1b2227
590,0.9342020883972312,-0.2413311920203869,efkac,mdhzh,#554157
591,0.9967926621193277,0.015678070912842568,bjdsq,cgefr,#d9235f
592,0.21248944628026367,-0.48686675035816174,snsvo,tefdj,#01f5ef
593,0.7570685401580516,0.18923443007719887,ijosg,oxwhx,#8f7397
594,0.36990437975132484,0.35621967425052337,gafqv,apcmc,#80feb7
595,0.33545161507419363,-0.22967296921141545,hvjbs,ccwjw,#f0bb9f
596,0.6495443367693711,0.05948702116729798,triur,pcgmn,#1320ff
597,0.11364790356014864,-0.44669996240655363,qznjy,eskbl,#351b17
598,0.8848975832183961,-0.4162456515316221,lekqj,yqnhd,#0afaef
599,0.1913736111298283,-0.32750881099893914,pqrnb,mbmqc,#0fb9f7
600,0.39953247670963643,0.059096363777769056,autrp,ujovt,#93e6b7
601,0.6324537034413329,-0.4158257984790368,zlfqc,jrbuy,#6cc6b7
602,0.008486513817333896,-0.12176623896415517,nqjwh,gelop,#84ecb7
603,0.7670977392694963,0.14059945855110167,tvrcf,osnks,#dbdd6f
604,0.7899899379190705,-0.25380301555942897,clgow,cfuqe,#2fa177
605,0.18860173738582908,-0.0185106001093035,pzdko,ilehm,#acb587
606,0.887056735358905,-0.29787018386505415,yucpu,wbbof,#0bb70f
607,0.60739215621655,-0.16936756276139042,dqcdw,przem,#26f4b7
608,0.653065259588341,-0.13617921241313602,fznxv,bgvrw,#334767
609,0.07775594868466129,-0.10635428207200215,gyxtn,yhntt,#b045bf
610,0.32154872463097284,-0.3919759460767789,wmwmc,elszs,#4ede27
611,0.1770472261299474,0.2101499700940742,mpahx,kjpuv,#480e1f
612,0.2777681036534434,-0.4252927703098097,hhvrs,fqmsb,#c5037f
613,0.4798821966423522,-0.24875012652455997,yrgzd,oegud,#4703d7
614,0.4384172335769141,-0.42896631474789304,tagdx,yacyb,#4280df
615,0.18973045561160717,0.33304708961788887,xmdij,kiabf,#9d21d7
616,0.304320916474644,0.29064018590806096,banno,fojwb,#9cae8f
617,0.6383709019189738,0.36554840707977054,wgoek,swmwh,#7f0b47
618,0.6534243703110418,0.2977766947632712,yzgys,oajju,#36dbef
619,0.16354405642570957,-0.07997536598302546,ugalk,zturr,#362ed7
620,0.1712399084390298,-0.2848552792770628,oexuv,fqreo,#c85eaf
621,0.41753193992713633,-0.36731918653326523,ymmon,nyhcl,#4ea83f
622,0.8538657761782147,-0.3350975050658934,xujsc,ursjd,#d05b97
623,0.7596493073873364,0.07454098301016787,wjqsa,acqjw,#4960f7
624,0.86001544722015,0.4140249126249774,dykif,ldfdy,#1fc1ef
625,0.45870609038174104,-0.09447955439696043,hijrj,nzoil,#797aa7
626,0.9967077283909389,0.21532579290385778,fbcnw,jlriz,#14c33f
627,0.16039252905624612,-0.18226373426667075,esaps,xoshd,#4fc2bf
628,0.7094672456487758,-0.10767877697719042,jvran,pmvng,#78c7f7
629,0.8015797125873009,0.1752111780321225,ptqem,ndrnf,#505447
630,0.6939459355200638,0.2506570466320237,wdaxt,aodft,#b44947
631,0.8659510857334433,0.2279153996040344,aiohv,nycld,#312517
632,0.8905313710583332,0.43895828005598514,bpuza,sqlmd,#03fcbf
633,0.8746089118252728,0.4545601298542986,rsogz,kaakm,#8cd1cf
634,0.8923328217446804,-0.01743928389317495,pgnjt,nfjdi,#da411f
635,0.49296839342265875,0.30927161154504723,xhzqg,rlfza,#3f4c9f
636,0.09369039286333125,-0.1487595884260291,yjkoj,diott,#48b87f
637,0.3613688587356161,0.39682911632769924,rpyyu,nilbj,#f4fab7
638,0.777479203528027,0.4727837332432009,uhjzh,caimk,#a5a5ff
639,0.3304163314324904,-0.31905389474640977,vmtdn,nrzam,#aed1af
640,0.2643549350848333,0.1990716641026551,pxsml,votwe,#e10127
641,0.5809159215410683,-0.33953145008446695,zabkd,zuswg,#a8a387
642,0.9868467810469469,-0.41987722335729105,buocg,gpzsm,#f22e9f
643,0.2555053578631006,-0.14760622737055074,tjhfl,jeykc,#fb1a97
644,0.7538791942818285,-0.24024056839512764,vwkph,uusdo,#11e897
645,0.18295100644115514,0.31527260332967655,tvxay,kvapv,#c5f92f
646,0.06509439925633587,0.4914259401254948,rxrpu,cmpnc,#229747
647,0.27848653100914655,0.17958045535184664,qmkbb,jpimg,#76f0b7
648,0.31215088348940057,-0.2789759103957272,ilrpj,gdcok,#61b6a7
649,0.24626952955282,0.39234961958457903,hqwae,nivew,#2ec227
650,0.3566961371767292,-0.20560982275213402,jzbwp,qhmej,#2ced27
651,0.6361801134698054,-0.33595166220823924,lllui,yugwc,#9aaab7
652,0.5059349562334554,-0.06796615367778058,qgkoq,zbqnm,#5264c7
653,0.7235921215078949,0.08934421760651734,lvcug,nrdmp,#da6307
654,0.5203517813392206,0.3193773682462152,pgvne,asekt,#337ebf
655,0.659850705463768,-0.3189555468766754,szeqw,cbqii,#ad2e8f
656,0.8425774181676156,0.42852261395615665,plosg,mlwvz,#097a37
657,0.029695461039862314,-0.27314544360523296,vivve,qeikt,#3ba15f
658,0.46279163356869746,-0.008844391679522778,iiwuw,mdaza,#bf21d7
659,0.3176344102642117,-0.035907180126232285,xgrgx,wtwxf,#2c1d07
660,0.31596518377171157,-0.32796687973253913,ndhyj,wrghw,#74ee5f
661,0.580893476246248,-0.27894016040594916,bdyil,phtns,#2cd6ff
662,0.7670957097330083,-0.3586200014558567,hvrgy,wczko,#8c4a67
663,0.7813215223240194,0.363254495568052,esgeq,dmjws,#cdee0f
664,0.3620855274535877,-0.36153075137126744,htnpy,mqfqh,#b4b747
665,0.2522999143362491,-0.4714289371770647,vusnv,tdwca,#2deb3f
666,0.8089458862141966,-0.236686661504816,motjp,ubukv,#557117
667,0.22599972418097924,-0.1572568555723316,unbmw,nhklz,#6302e7
668,0.41793315267694253,0.06428127057413513,eudvj,wtfcn,#7bfa17
669,0.24656030875349622,0.3024073747999314,hxmwj,hicdc,#cf2737
670,0.8805404211148152,-0.3945834491467347,fkldk,zxtpn,#79400f
671,0.6517308225911547,0.13566213454389986,mbfkc,mqfwm,#a53c2f
672,0.6221848363000693,-0.007316698014943723,fndir,xwlpk,#e00537
673,0.7198446486172507,-0.25471466605477644,ybhwl,kszey,#36d9af
674,0.8492206450557256,-0.4577904629765852,coptg,wpieb,#2ae54f
675,0.3181560234097962,0.2142818253752864,obrek,ipltt,#3c21a7
676,0.48513077438272556,0.280892829809395,luntg,ncggw,#60b1b7
677,0.011851654795309141,0.27227249320126357,hcvcn,bhsdt,#a7f6df
678,0.8647984313451279,0.36713146751262926,chkei,poxjo,#dc578f
679,0.49431616956220337,-0.21408322507544253,qyegn,oiien,#6bf55f
680,0.6383016871554544,-0.15034211082179316,jfsrd,ikeww,#02a8af
681,0.6644735876072888,0.06375834198662966,rntqh,clond,#50df8f
682,0.20180790947965144,0.4671606789428441,ormfi,bldfa,#2c58cf
683,0.1766350641535095,0.16216765662445276,fhzrp,ikmaj,#c33487
684,0.988323301268737,-0.4265364757444161,jpajd,mnrgw,#ca28ef
685,0.4998661797365892,0.47824811402364664,kmvqc,jpwde,#6a7e97
686,0.8443842406298893,0.09557109218556348,bnial,mvanc,#ad7a67
687,0.5468283565790546,0.2767501723096838,xfgoy,nhfjz,#d9e18f
688,0.3516541554979292,0.4992227218359153,afvnv,nlgsz,#a40d0f
689,0.977368668742656,-0.411464708100754,pkrkj,euvia,#dcaec7
690,0.2480447481102921,-0.2983724295770813,chpgs,hbqgp,#f7b007
691,0.39988761285906094,0.46168687469751246,cmkre,beorg,#cddbff
692,0.19300886200922374,0.2232634502456179,vfogf,pvugv,#74498f
693,0.6837042613201118,-0.23905500150808745,hphdk,lqzav,#142f8f
694,0.0002938159375471816,-0.07122011678200546,rpvlw,cdqpv,#b8919f
695,0.7965494470210427,-0.2822722649786177,ewuxa,shept,#86acff
696,0.542446089620925,-0.4164798984619015,sjqkn,cozcm,#39f4e7
697,0.32568372786577005,-0.460211443369935,eyqcd,rsifg,#0a9d8f
698,0.1788782375608643,-0.0968397823904521,nrnkp,lcfrx,#a8c777
699,0.20866691801754578,0.06674139479936447,pdhqa,dwwqb,#849dc7
700,0.7946260163919767,-0.2926098622297121,klgvv,vvqpl,#78ada7
701,0.35111821719831704,0.10011115325981257,vvpwy,ocgop,#a212f7
702,0.6233000956536053,0.3342126282966268,rhcgb,sqlav,#113727
703,0.13353769953600247,0.4886542135771984,jwfao,hagwr,#d20c47
704,0.42906504238394394,-0.0759946933091683,mprez,cvmya,#9b8db7
705,0.8307550835410381,0.25241140525611916,bvsqc,txvts,#40e7bf
706,0.8308408199161879,0.12558674256650892,kbnyk,uksnb,#724aa7
707,0.3634241448816049,-0.107664527754056,tfxls,sybes,#7f1c2f
708,0.5228636776635043,-0.3866006862096929,vwdwp,jiojz,#1d4437
709,0.8523921267252001,0.09478616826999042,acsvw,gzdif,#8528f7
710,0.5741634173044008,-0.4938119913778868,ttlgp,ktxec,#fa13bf
711,0.23228632237188274,0.43386748351210513,pivfj,vlthk,#53517f
712,0.870565732671072,0.4282933993602752,mshqt,xmsdb,#ce9357
713,0.45371100038338485,-0.409391956571038,gczjw,zwgcz,#8b1bc7
714,0.5737152570314308,0.3297886883944372,lwubi,btywm,#c37997
715,0.9841786713289281,0.015295562721276967,kpgnq,bsfrj,#8f80df
716,0.7701872835214578,0.39522047612223343,njmcx,bvisi,#1ea41f
717,0.2576211589914117,-0.19800166289779997,iuwsy,mzgtv,#e5eb27
718,0.2397445476040727,0.41959297715517074,ghhvn,vjxkq,#0da927
719,0.14712814060697976,0.12960061248700616,xvcwe,symjj,#406717
720,0.5075142071468354,-0.2216610384152088,qpmus,ujpcz,#0a9e47
721,0.21431432643677517,-0.43813586691326545,bvyqu,xkslj,#d4f557
722,0.608864803866497,0.18362816379811442,txhhm,avexq,#908f47
723,0.3560665530961964,0.4951555999897297,jfvgm,cxeya,#c52697
724,0.34539891921254384,-0.3904808023596753,tfcjw,mrtau,#b6e7e7
725,0.38182781169840674,-0.3867715160472631,rrkxd,bsmfb,#9485f7
726,0.5858466546702933,-0.2933331726952064,sahdy,otphm,#269cff
727,0.8384869916935112,-0.35439339098593814,zfjcq,fyzrq,#b2a4af
728,0.6568938659312016,0.4177085269086652,qxjfe,vtdtx,#546217
729,0.9541260069512213,0.1815804160050647,arybq,leyzo,#73715f
730,0.8191285205527921,0.00281201256283492,oeedj,mpicv,#543577
731,0.020952732078430403,0.4798520906226166,mviyc,hxmuc,#f35397
732,0.995397971183314,0.02127479822741485,hphqi,lbzqd,#9a7a37
733,0.2196595698102446,0.4929761891158061,immvu,jduhm,#9ef64f
734,0.15084751220901538,0.3792307269844196,dcszn,cerff,#cf3d77
735,0.055250462020664415,0.3821450961765389,ciing,zrksc,#a240df
736,0.21961940488839005,-0.29197395277595994,tvpxp,epnpm,#399887
737,0.88894187480397,-0.37087110608998575,yowut,hhzvp,#e51247
738,0.24249714420405866,0.4433765164782403,nwokt,txupg,#f20b8f
739,0.3282311693948595,0.46776758486265935,cayfz,gzgbe,#2ef5bf
740,0.9674595683429525,-0.12006151200605675,cnise,hjmpa,#7d30b7
741,0.30470579254318286,0.2729516485855086,xzptk,rxykc,#b483b7
742,0.3527503275236755,-0.14625897253881326,edtzd,yrrvq,#9dd127
743,0.9480054250215701,-0.4573961668572173,tjmwe,rkldf,#c9ef1f
744,0.22378738764156103,0.3609391438203634,cntjw,orvqe,#b38437
745,0.6100433666229029,0.43151443807630296,wdijz,vefvt,#8646d7
746,0.7427387013013647,0.2905015646715505,ywmdw,loblv,#33835f
747,0.4783916378554244,-0.41847179909493193,ehytt,shbsb,#9fe34f
748,0.2563356129026727,0.4843305623032066,yaxte,uucdk,#2c19ff
749,0.7964382335718269,0.41563487191851567,timqt,mpypk,#863e6f
750,0.52187987812181,0.2178166457745766,jksop,dvtex,#08ebdf
751,0.0007269327963587147,0.2019948894062078,snohw,dueer,#af1fb7
752,0.06101104698406279,0.3086530409609799,jmftl,ygpiz,#29a20f
753,0.667574131323049,-0.3028989098828385,wbcyv,erjos,#d1684f
754,0.1687751826908791,0.22775531703673735,cswen,tkthm,#6df827
755,0.30664017530764753,-0.08151133722595938,xudbi,lrdac,#a775b7
756,0.21773397494475877,-0.37605762538697074,kyucl,ptsza,#cfdae7
757,0.20412105846952522,-0.26507762593841777,jchhe,nldfn,#c9341f
758,0.3080260169373594,-0.27990038520304605,gtbxh,rdpld,#0b715f
759,0.9322300646128553,-0.009581965109445534,bjyul,fadla,#bd424f
760,0.4814266532258883,0.46837528320309363,ywbrl,jmzrx,#ce90ff
761,0.9296114717949084,0.19533198847113542,aomjy,gzlij,#d3845f
762,0.7327194253856129,-0.21117895440016665,sykhl,dsagk,#564bcf
763,0.09228528205388897,0.16871951615620417,bonqm,jofzr,#ae053f
764,0.5179136514366817,0.07402462280121014,uzxbd,czcqo,#278267
765,0.025930198479109712,-0.2989331677949455,ojokx,ohefu,#d10e57
766,0.25574132941267924,0.46569788951909186,vvvur,adxsm,#deae47
767,0.10106174333250018,-0.011916444286188543,gfmcr,haghq,#9e1327
768,0.10077234501030696,0.013376723076738761,fenbt,ickss,#cbd3af
769,0.196190362891019,0.14214482991028432,vayfg,lrjwn,#4f263f
770,0.750405337045663,-0.23841094867324286,lohnd,ygobk,#77c7e7
771,0.8460695485670705,-0.1717048002404037,fnrrb,noemk,#231a3f
772,0.1083434987712888,0.4185793344697719,xpqix,fnlhi,#70ec6f
773,0.10820184378005493,-0.36750121388182677,cqsmi,tcslm,#7e35bf
774,0.3993551693660835,-0.04367865508699065,vxpdx,dzrmq,#68ad57
775,0.8213147642788853,-0.4149761841492817,ftsup,qcpgu,#8ae19f
776,0.33715958294172255,-0.32226879532411956,qugom,bmexd,#0cc65f
777,0.3363475793769647,0.13523324790453317,ohrau,rlzah,#e02a3f
778,0.4616372970220317,0.3321174904085281,smeuv,pzzaq,#cd537f
779,0.48472290513964733,0.22023936772815933,mpopg,nidtc,#14b147
780,0.31583862453151323,-0.17291084428939985,dwiks,hxujs,#199c47
781,0.30957946400895775,-0.06627852384298594,stnmx,fietk,#0fa32f
782,0.3486321229121907,-0.07742402822646877,kbafm,vnbvx,#4a865f
783,0.8530454230737939,0.07653002684415644,qleex,wtmny,#fae3e7
784,0.7716872313112482,-0.04600431729029819,vhrrz,owmcv,#d0625f
785,0.924987402598361,-0.30139340496605826,fapvj,lnpdm,#a12d77
786,0.6463875138286737,-0.35787758935788094,eprlo,oguct,#70b487
787,0.9266996428636812,0.27880623630827384,cxcxe,bacxj,#75daf7
788,0.35450039048433835,-0.266694460331627,lkolb,sxyhz,#2fab77
789,0.3844762454312648,0.3666248305405304,vpies,kbkii,#ec1baf
790,0.5193432218000277,-0.4394944491966125,geehe,qflew,#700f37
791,0.5710235307585974,-0.17135593592039133,zjunf,zlhim,#e23f77
792,0.32669574913216715,0.45779230994864795,spbzf,pzqaa,#8ef4af
793,0.026951746106451346,0.3515155471326673,dqgny,bfntd,#5f28ff
794,0.6303983232782393,0.22421850268156318,qweox,sukmg,#bb44bf
795,0.31618202535758055,0.3026403145936233,izyas,cuexy,#60301f
796,0.4948650711665691,0.09792834557794394,xbasw,wuepx,#7b569f
797,0.7549388200336136,0.3675338067821676,qwkrf,lmjoe,#f96faf
798,0.20655905343020664,0.352409156764932,ughhr,cdzdc,#ad4a57
799,0.15482443145478197,-0.3301878577164411,yjeox,umdmm,#30e507
800,0.24778393501232088,0.3506512675885397,szhbh,gdwgo,#4010c7
801,0.7279431756422968,0.0939642535750963,yiwpa,byhak,#60b5af
802,0.8605645045614284,0.31508098828314846,lkyhk,uidlf,#fb8967
803,0.3707652023200685,-0.21325670929827023,gzdey,qgwmp,#b0e207
804,0.5277826154314941,-0.35752217343138337,dkttb,lqrjs,#1037a7
805,0.3405072653175343,0.3114823969144419,qqhqu,nmvqb,#e3db87
806,0.48115290833092794,0.1046893344257106,wtyek,wgvbi,#1e91a7
807,0.28678795748847563,0.004679843984162768,ioolb,mbeib,#f368bf
808,0.33132386089395527,0.2912026178573066,ucqao,bgdpe,#6636e7
809,0.867383617574448,0.26569164128815426,daddg,pmlek,#ddaf5f
810,0.6399301447661039,0.01873298795137135,lgcuf,innuo,#8dc68f
811,0.13214934110886856,-0.4580312799748164,nswgv,xyihd,#e368a7
812,0.4543045274258688,-0.48037656683714813,fwded,tenzs,#c9112f
813,0.7105386013393095,0.2167253592789704,celog,xybzn,#f6c58f
814,0.6862351470446116,0.17013609513661743,uahdf,zbvgm,#80ee3f
815,0.8950091611114928,0.07342752063524793,utslo,ptlli,#295df7
816,0.16104915972319733,-0.15169299276199844,kqtsg,qscbm,#bef99f
817,0.7391024373183499,-0.22831949675010876,ijfve,mgdjp,#93751f
818,0.6652344334122369,0.14191152540927277,ubmkb,tpkma,#a45bbf
819,0.27058153167649923,0.34717473654029407,rehpd,cxwvv,#29a797
820,0.4115828480192406,0.4114451564733004,ojswb,btorg,#5e11b7
821,0.30957271718010027,-0.04616157888472916,fmbok,jffaa,#c1ae97
822,0.6203027663386046,0.37567279075040905,fokbs,kxwxc,#9ac46f
823,0.48848157097925937,-0.21816077649692067,sywaf,hvczc,#14e3af
824,0.691461124708354,0.362278414170377,izzwx,hkydy,#c0e96f
825,0.9721065630304311,-0.4978866280949735,ryxmr,zlesh,#46b99f
826,0.4019984315951769,-0.23649855761983152,qjthr,qynjc,#ff244f
827,0.4563395342791393,0.4981713363992104,yesvh,rjfzo,#604837
828,0.8486465424361374,-0.4647512663237464,vofpr,sfvvv,#47200f
829,0.7893110074303531,-0.4791340800699161,zbcbe,ccnlo,#0ad5cf
830,0.8314351767943766,-0.4740643293311617,owbgm,kxffz,#f93b1f
831,0.8029320034159491,-0.06173163772458912,kysyr,pvswc,#672707
832,0.6620455465899284,-0.24320833704562062,vrypt,wdnjh,#09172f
833,0.20646762748138137,-0.44121460708297544,hxrtn,ilzjk,#59204f
834,0.5100790284369073,0.3886977899967986,qhjil,omnbl,#bc388f
835,0.5606811660644808,0.4939559756157611,jxvlk,seozj,#db6367
836,0.32053854863081677,-0.17566056888262205,dqqdv,klrdz,#585337
837,0.6233362575851056,-0.17262361454966246,ytaus,fesov,#b49eaf
838,0.9840271388041452,0.19530588338288668,rfdql,lmmnv,#010b3f
839,0.5445055863870374,0.4418026816640501,yamqf,pxrum,#03e1f7
840,0.630411103456576,-0.4647926323713655,rjeth,yotnb,#e787af
841,0.862476015747913,0.37004646885058357,nwlah,ltwsm,#7ca04f
842,0.9511599423902819,-0.42054663666301295,akdrx,oazqw,#2460e7
843,0.8009301943425676,0.1932827465778516,lwvax,vpmpq,#c9a8e7
844,0.3105321410740577,0.13408071452023262,anfsh,lacvy,#9407f7
845,0.3918144504205715,-0.03096130096458405,ygoie,grfbf,#b184ff
846,0.022563763934620007,0.10844534024505847,bfgyb,rvsfa,#146687
847,0.7779830428784629,0.0018994862858102701,xxdcu,brksx,#41607f
848,0.44758348570736617,0.4907244384901408,sbdmz,fmjss,#50418f
849,0.09540082135440198,-0.05739893084699843,nucbd,uaghr,#f485bf
850,0.039226869941208276,0.3986925295319521,lusjk,zjqno,#ae6907
851,0.28221983475548706,-0.053535847052939456,apnmx,lltgh,#d0678f
852,0.043860999078177976,-0.41875829569978507,emnrz,ggcuv,#00fea7
853,0.9828233800859111,0.19014441957784678,gielh,zfhfu,#c3c6bf
854,0.6643840799132934,-0.26700570585902483,avkrj,knhuk,#41f027
855,0.9355614884018448,-0.14298474241650727,pzcdn,zudco,#d783a7
856,0.9469908944955134,0.20168249366312696,sxeow,qiiyg,#a70c4f
857,0.07977585049451585,0.06060221962340018,eacbf,jtddn,#192897
858,0.22757387890772307,-0.3241563688129867,bcffk,tkgge,#968fdf
859,0.2579035992818359,-0.28028757790706993,adizx,nmdtj,#d6710f
860,0.4038651013993192,0.46792913012921356,fuxsx,lyxbl,#0c140f
861,0.5256739203227079,0.42538193858342277,kgxol,bwlvy,#fab67f
862,0.9868540081856312,0.27511199441823553,usqvi,jfoou,#69c88f
863,0.36552159486232993,0.4281585183903359,wiafi,dxzmo,#ad6a77
864,0.8556668597606987,-0.028871696307161798,rjxkd,pzyou,#7b5957
865,0.07561140953543521,0.16851621626660962,kbpew,tcrcj,#2975f7
866,0.24818205337222554,0.2569069397763334,iokad,vsane,#53db17
867,0.4314036540805031,-0.15153819440815253,foiza,lfbow,#fa82ff
868,0.6466916888527113,0.4700218807109764,rkbti,pnffp,#2de92f
869,0.8853771808798176,0.185062006588121,ovsww,axgdw,#ccced7
870,0.8145388371653182,0.1515946177823818,pflsc,zolvw,#31892f
871,0.3196692582014272,-0.20441434624163923,szqdf,hnsej,#ab2e67
872,0.9978159293235195,-0.4674498274324057,vzxyy,ngvrr,#136767
873,0.16261982983975065,-0.08004790041622334,khtky,iugcv,#f7ab0f
874,0.8003967919355293,0.2063082444970069,lyupk,pmwpy,#97bcd7
875,0.4454576507200826,0.3615701813233001,tqfgq,xuwhz,#ca741f
876,0.7140300820197383,0.3249542314128735,zrdpc,bbwwo,#14ce0f
877,0.9144050447669663,-0.1131858615845941,fssar,nxgoy,#101dbf
878,0.24042562952837077,0.11874922272149946,ittyc,sgixq,#b3b91f
879,0.6286932898564387,-0.0006161326729240413,yywto,xkpor,#87e5ef
880,0.4753188716481562,-0.3292653380658145,oicjw,elprk,#350cef
881,0.5566610281262739,-0.41587715112624024,pogek,dvbwk,#152397
882,0.9924711143402364,0.032284265569840875,hjxnx,bmwfo,#651e97
883,0.32671331957791094,0.44379774197445376,moabl,uzjof,#635187
884,0.49237537447167656,-0.4952859689476079,mkbhz,oqhoy,#d10a17
885,0.054031599548829856,0.46371910341177913,iupap,demjq,#3be47f
886,0.13868496611544567,0.04685921480291788,jygxm,huxbg,#1de49f
887,0.39804848057724085,-0.4579353894723024,tvzpf,pelzy,#2d742f
888,0.46812185129902784,0.2125788856580204,udlmy,uwsbo,#16bf6f
889,0.9798119005826469,-0.015782682072495002,bnofw,iybth,#47f4f7
890,0.45377917563637604,-0.3710880526575513,hnlhq,poxze,#da439f
891,0.5331989773000381,0.023032494631461953,yipvq,vlilm,#2f299f
892,0.1621634825775604,-0.3083668715254927,fmbbh,msufn,#36810f
893,0.7576137424855987,-0.48655479659612866,ctrqj,ekouh,#6723d7
894,0.6903326357611762,-0.0023987939532352787,icgyl,hrpxx,#f48467
895,0.6578829933728219,0.047903893889684745,khjjs,xvfbt,#3f518f
896,0.900117572494025,-0.3110067778138078,hlkpc,dcnso,#a7ef4f
897,0.03007263265984217,-0.07206810664656238,wvqas,zocjh,#59fac7
898,0.1543808080766471,0.30650925074771573,owyco,ektbm,#8a85f7
899,0.7423089678663148,-0.4821013769832164,hzjxo,ttydj,#71cb07
900,0.2121472881496348,0.136927551224312,osgsz,emkky,#eb37df
901,0.15910106688631742,0.2109974867779565,uksra,pdgcy,#ac994f
902,0.40102773884696274,0.31716396241861866,vifbs,qjxbt,#2df8ef
903,0.23601258883572007,0.08581720771709589,fjzsk,wkkjw,#bcf037
904,0.7645369150163875,-0.4966178723395296,wdphi,kbnkf,#fa39bf
905,0.4688420504249935,0.09176028398084268,mwpmc,nxobd,#1983ef
906,0.9527376197613234,-0.08901080396258665,vepqb,nmsns,#0b99f7
907,0.8389244976576018,-0.26770370051000913,uxdku,efdyt,#4a23a7
908,0.011385220229342186,0.3815268710581783,wyohk,shqmx,#6ca9c7
909,0.9416210558213151,0.43144707174023433,pccnu,ggqax,#4b531f
910,0.3251506616452632,0.03132738919471467,seerp,oohdb,#6b034f
911,0.12828789184378242,-0.2586654893343351,arshh,txiou,#31e8cf
912,0.9589200628323622,-0.4992204685270052,ddqiv,mlluz,#693baf
913,0.6642311640295436,0.27160029508422623,hhboj,iythv,#af4abf
914,0.6655541132514387,0.4449871415538008,xjjsd,eeuun,#fcc3f7
915,0.2372780328527625,-0.3459794298909683,mnjaq,bebxj,#a97897
916,0.3898592011143547,-0.10009004188584492,baeua,tsudn,#894f5f
917,0.437071722306698,-0.1959386179947954,ydwlu,ryulv,#4739bf
918,0.95602149457734,-0.06507309576526532,kymao,bitij,#c9de47
919,0.9196322531415829,0.1390034333097414,bfhlx,qzmua,#530207
920,0.5558003638594529,0.31852886587424367,grjxg,babih,#17c3ff
921,0.10150540506297212,-0.22239806389215366,frwyr,lkycp,#501377
922,0.09032934235438905,0.2969332637065657,djobo,cicko,#49fe4f
923,0.4645828906695503,0.328180052281284,ztofu,zsaij,#39eb77
924,0.5700744136177152,-0.47357671478481755,vbrvc,xctgc,#0296e7
925,0.47395001264165615,-0.4951207535851564,daips,eydut,#6d2d6f
926,0.5448028071301053,0.40777758300734834,zalcl,hiunz,#839cff
927,0.643374649921691,-0.2603758564338986,incbv,vlnhu,#51106f
928,0.439773253124803,0.4290952470857827,iygbb,wepkp,#13adff
929,0.3814875644829252,-0.027856003500053572,rafdi,obijb,#c90c2f
930,0.640428329138499,-0.09632335275626469,vaacq,oimix,#93c8bf
931,0.22582804674877766,-0.21631439341134917,hfuks,qdvch,#7923ef
932,0.9297976654747027,-0.25095146054112427,whxmp,gaoni,#ba06af
933,0.6922173425439521,0.4795484042040312,mrvii,mncsl,#32ff3f
934,0.6464374705203547,0.4259569257481046,wjfde,emdft,#57cc87
935,0.9570329309170451,-0.3576771630166006,iwwnk,vanvt,#034dff
936,0.842129223501846,0.4689143956592925,zajzj,jxezx,#a4bf6f
937,0.8676482466171591,-0.10020816315573555,aixrb,ohrmy,#5bbe4f
938,0.516460551336978,0.1977564181145931,qevks,xcgem,#ea608f
939,0.4634581291820512,-0.1408993050629408,himny,fniak,#4c5c4f
940,0.4630431490389245,0.14030523557206154,lxwvd,lbsbz,#23a317
941,0.9253342719490703,-0.12293286654504998,ngkhr,tlbsm,#2041df
942,0.7648822323430677,0.049349476882920684,tmhav,lbjur,#907aef
943,0.5000324757697939,0.34503572462090915,gvbge,nqplj,#f04027
944,0.29705216886197694,0.2380625883179045,fekel,bdbgw,#8a5587
945,0.505807389203714,-0.18572887580488295,wtfsu,xulng,#ef8bf7
946,0.9909729533643838,-0.4655093114465324,fmdjd,pvqff,#066e7f
947,0.07350139204994277,0.30942076548029596,tyjgd,nbvyw,#b2e8ef
948,0.050897941058429486,0.1423737383222241,csjbl,lnxqb,#ecf967
949,0.705276663317239,-0.2224597635817186,xganq,qzezt,#d78697
950,0.8910429720058797,0.4038982353505678,pddss,zykro,#6fe36f
951,0.3903317568206671,-0.4266805635039346,rooic,ggrtl,#6de347
952,0.6689620240661823,0.19962591255881434,apvwk,nqfep,#35d70f
953,0.3679656734708622,0.1740014539639113,bxngg,sjupu,#9cfc7f
954,0.9678988953662798,-0.2719287957893407,wyhtw,jlwmm,#03f1af
955,0.4970627545462677,-0.0649691371222405,ljryz,rxnql,#2b6817
956,0.04886616556060219,-0.42116738494137884,ryloh,hmcce,#e8d1df
957,0.8123573731529667,0.3464036602212215,kyoci,xlqvf,#a9cc17
958,0.6331540733757409,0.27359953495427636,mesqm,mgwdp,#03bc3f
959,0.3424276604132951,0.4545670779991259,euqnm,xrlns,#d4d197
960,0.6323274772166259,0.16033553124176014,ehrrq,lkyna,#85c167
961,0.03747826544658861,0.3055858662887698,acrfd,ztqre,#dbc33f
962,0.548209396109577,-0.14091909552153326,upuxv,xxgpm,#17ab87
963,0.22880150690688494,-0.3660687995653378,cpsqg,ksnff,#45b4d7
964,0.1255011333692574,-0.019572386400557362,fzufm,rxrkq,#600fb7
965,0.03194456700861725,0.1931410659789523,eonwr,lxscw,#88664f
966,0.47404619674940585,-0.48170058696613827,chexe,fcwtp,#8951df
967,0.634755712672811,0.4273334535363884,elzyd,aycfl,#6d7f27
968,0.2978032601121511,-0.04314531777696129,kikku,ahvjg,#b7826f
969,0.839170021621035,0.2109627758192637,kmnmy,lencj,#3789df
970,0.5409405096591771,-0.07542328100853879,rblwy,zjfhg,#fcb3ff
971,0.45861127591672857,0.24291195565852008,xxedq,obmuw,#9b9ccf
972,0.6786331233334122,0.24026963210633134,mjedj,qyias,#b114ef
973,0.3323086065783327,0.3672922420241208,yppnx,mdppy,#c6d437
974,0.45178599495416893,-0.453984475179281,xmcxo,trucl,#20c867
975,0.2202686845943801,0.46704061680703124,kauby,xfqzj,#de7057
976,0.9671877391945216,0.46771487654020727,drukv,cgfhs,#a80067
977,0.5093615097401157,0.4215883223181105,wdwiq,mjprf,#c290af
978,0.7617605760792779,-0.09049145206641052,guqgj,xhowz,#16700f
979,0.037318603031859965,0.49478890790767727,tnjux,uziwv,#e1653f
980,0.7251642943326709,-0.46262660518253507,rrjap,iebhj,#70b6cf
981,0.2001681779793063,0.1331251732177804,wbpxs,hgygu,#516d3f
982,0.42009560473030316,0.116750312875323,mzlxi,hryee,#dde11f
983,0.9220562114957441,0.1058183409251644,zqrjn,dwkiw,#f540d7
984,0.986245617500088,0.21863011396927334,iaqke,kzyef,#3c4167
985,0.7976660832435957,0.2759460394560225,oyvtm,veyag,#2d5ebf
986,0.7543952450529018,-0.09614744536301212,uiobn,dxmin,#eefe1f
987,0.4367103944236739,-0.27280522988275746,przgp,ridrn,#fe49b7
988,0.11790312989493767,0.3674390414958846,elyoc,uaqif,#fbe80f
989,0.31227592341431265,0.2704374157250182,cghxl,bncpo,#94f397
990,0.938924925201764,-0.34939235324406337,gqnre,pajfj,#cc95b7
991,0.4177022229604619,0.28666804321368733,ryrrx,sbjbq,#821d47
992,0.22128733940471423,0.0741226795511869,xoqyy,twxal,#3721b7
993,0.28445889259523005,0.09515577090387328,hqtoc,qzagj,#991f97
994,0.8182193939394927,-0.3285240213063687,iwukj,cnrmw,#35d137
995,0.27543637702499724,0.23192691330021475,xvjsj,prknu,#380547
996,0.6417296688936299,0.10498071525327857,obisj,vkukr,#6a030f
997,0.15857260591172195,0.12904300156857773,pjalg,mtqjt,#23728f
998,0.156931330288539,0.14823456777215638,kakbg,nlxuv,#80378f
999,0.16064191718726817,0.38333335911095967,jbsfr,vqsqg,#9c3a7f
1000,0.21588876739477125,0.499658594004333,kkmws,gcdrt,#0550b7
1001,0.6069753129686847,-0.08185824065420533,jyiyy,gqjwl,#9be6ef
1002,0.3622407130523836,0.4906439562104893,xkbxc,agvpp,#eac5df
1003,0.3209940513032604,-0.43638516337429345,tzhdk,vmriv,#92162f
1004,0.9373011748255254,-0.060602441581238065,breuc,nahtk,#d27767
1005,0.9590989461593479,0.26880018271574824,tfgck,ygpei,#e83e97
1006,0.26055029817991615,-0.4897751448811909,sjvcf,fdzop,#732f8f
1007,0.3095064375342702,-0.33091928661888204,jucrd,foegl,#13eebf
1008,0.14764882116970246,0.40323622734202924,zoxsa,bnbyo,#cb89af
1009,0.5552704265179798,0.17406999969245274,nfvrx,hzyvd,#98b827
1010,0.5739217490080891,0.3452437429134986,wmmws,xfevl,#230b47
1011,0.5091821360545106,0.4961716540686002,wbmgk,tspnw,#6d9087
1012,0.6927891090618583,0.2010997678641926,alcxx,mcmow,#f3278f
1013,0.8506745802944878,-0.35689071876821277,rnduh,oktfw,#2b223f
1014,0.7991408002008655,0.21865740449341742,ifvyi,gewhc,#804f8f
1015,0.5455128857176167,-0.4497255649412222,fmoty,xuwfi,#19bad7
1016,0.22920322418682826,-0.26252761461509355,zzqnp,ckrdx,#ac3597
1017,0.6021558215153825,0.10275843017010478,qzfjd,exeys,#028d77
1018,0.1938047824773773,0.3249154553787881,msslw,ombgu,#e47c67
1019,0.6685199288669883,0.3106130979030829,fulto,bqycd,#d6ba9f
1020,0.3253992406085734,0.19883414885419137,ivfjp,mbjql,#028417
1021,0.17845184841018025,0.4234817295180724,gmtpo,lncwv,#bf313f
1022,0.774297824972894,0.08158867380466484,ubolw,fmpja,#b166a7
1023,0.8247636008781548,0.3570862247847868,ffvoz,nymaf,#3eb73f
1024,0.949032492486415,-0.1388923149682756,dmdgu,dgmqb,#b3dab7
1025,0.043529762690080354,0.21692678369131935,wxykf,yjmao,#acfe0f
1026,0.5385363893089962,-0.048364356527805685,jmwos,syncv,#af7797
1027,0.816608994368936,-0.34059748710825155,npevu,ipxtg,#5701df
1028,0.3800113022652102,-0.18789911590374775,ltinc,zlrhj,#5402e7
1029,0.35497070176202095,0.45985905195098675,fdmnd,pfjin,#f7bb27
1030,0.3556281616239987,-0.4430665960164841,rkiig,xvldk,#2fa0c7
1031,0.09709840112888257,0.3985975810393605,jmwgf,navja,#5fc93f
1032,0.04457537357364927,0.17687409313092095,nmmyj,kebfe,#c28adf
1033,0.9727698552349867,0.12419994959086456,adbnx,obfeo,#f2eef7
1034,0.3909147591175479,-0.12205672733775941,xweti,nspfe,#ef2287
1035,0.06758514613122191,-0.24205961440020696,wwraz,uupbp,#37343f
1036,0.7135597348629226,-0.05061684308071912,xuuti,tbtpl,#a691c7
1037,0.6235210118181566,-0.4412251634447576,ddmwl,ovqzt,#4886af
1038,0.048954545955215645,0.3664138072905322,lbmhi,pbpax,#cd79cf
1039,0.9150957951672407,0.3182145606417426,ogubr,cqlcm,#2aedf7
1040,0.19141063863635055,0.14376970335960948,oykvs,gmbce,#c20697
1041,0.6863402467492369,-0.19485879321699262,qiecg,nnyjf,#414287
1042,0.7929157328715635,0.3163359863084003,anmmw,zchyk,#61e51f
1043,0.7691663995153115,0.15595804524294887,cxxdv,vtbbf,#cd3dc7
1044,0.11874552738777533,0.4703361579316224,yokay,bbljr,#ce073f
1045,0.08993245919681037,0.14033025525068954,rifvc,cayza,#fc67b7
1046,0.9618655173558547,-0.18549024324514285,tmujc,dmzom,#4aec97
1047,0.03830527944430817,-0.3795566385362834,pgsex,vxrsf,#bea307
1048,0.8193394092675809,-0.08445129801903106,hmjyt,chxrg,#4369ef
1049,0.5155159646362356,-0.4414430838963179,pjvnq,nsorz,#d8ff4f
1050,0.26387397079868846,0.23032597501791607,oeoys,tmqad,#c7da6f
1051,0.4260850343938567,0.10784312697623666,dbzxg,xmrgl,#e0b82f
1052,0.9210427120453883,0.3803357742513618,fpcqb,xwkaz,#188027
1053,0.5916536188158912,-0.2847453901946142,bpykv,qocsy,#c63daf
1054,0.5141696601888035,0.22879259699251298,phmuf,ngnpl,#c1e6f7
1055,0.8732334870642132,-0.03495870113876032,gebsa,qdbvu,#94fb77
1056,0.14461953429339425,0.030728160240036995,tkydh,kgqph,#855257
1057,0.00628546222251547,-0.42570229263727966,prrtr,ouinw,#c24eef
1058,0.9624526622294837,-0.11084508330914689,jiorn,bnxlt,#5475ef
1059,0.5062475291098822,0.2170886134563218,parfr,lgcqd,#bcab1f
1060,0.08275964096838784,0.45589178240531414,zbloc,ojeoq,#512f2f
1061,0.15109446443522045,-0.44444775348191845,dqqmm,qrbkg,#a9e8c7
1062,0.03303968969289606,0.08291046681843417,lgipv,mdyjb,#3dfbaf
1063,0.451996661626069,-0.25459556244107795,qpxqh,ywusj,#833cef
1064,0.8945053469900345,0.025010130969577604,kjjgs,cbjpr,#dec8bf
1065,0.24602925550412813,0.4659467788330446,cdzxp,tyvxn,#e4385f
1066,0.6829512776750419,-0.3644927492190039,qbqvq,gppdd,#fcc14f
1067,0.41407583613543897,0.3224779814610309,iptql,oldpq,#b4ee27
1068,0.3907027275074144,-0.35156796389286626,fdwol,pyuvk,#b68fa7
1069,0.41312068566068927,-0.2983089097567069,tzeba,xaepz,#4eb3e7
1070,0.17918411162356762,-0.4863556455686905,ksajr,snmji,#6be2bf
1071,0.8749361293477869,-0.3147497763177519,iwycs,kfubv,#4b0c4f
1072,0.595268285025447,0.3064025557319281,yewgx,kneqv,#b73967
1073,0.12046893100935341,0.4920012452246252,dxuzn,xskzn,#cb0cd7
1074,0.43432211871970394,0.1546407182589168,zitqa,oijkq,#8e3927
1075,0.1310233080653166,0.14993597815123683,ufadt,zrcif,#4314af
1076,0.29383923269211765,0.36189759500527874,icdon,jjfvb,#9b0177
1077,0.6368560041791849,-0.32463725756319517,blskt,vtcss,#65fc87
1078,0.8975530304108604,-0.40184617593998373,bwkmx,xakbj,#72ab6f
1079,0.23206755898389464,0.3197932185081497,gizvn,bbgwl,#c7e787
1080,0.7531422353422127,0.310879088651557,omuil,ybkba,#0d204f
1081,0.47820875502232874,-0.17237970392219115,gwitz,upmzg,#07271f
1082,0.5752560433448785,-0.334253485132433,uuvvy,rvyro,#1778e7
1083,0.6524244488155335,-0.17263295502516973,rptmd,mvqxw,#1ba79f
1084,0.9410068221158601,-0.2246000707235024,toqux,sihfy,#995767
1085,0.16599536556362016,0.3010808563300903,lvszm,wunrk,#c10187
1086,0.31114820302595925,0.33302448959469844,lrwuk,zmszd,#f03ae7
1087,0.0035062610081258994,0.03082259359722006,ddpuw,jfdcj,#08f137
1088,0.15174183333459457,-0.04602139402417982,piwcs,covtm,#89cbbf
1089,0.16623836546435866,-0.36808721953464574,wlzub,ghvgt,#5aeb8f
1090,0.6625000791064326,-0.16272318906197825,asvdg,pxvvh,#643f3f
1091,0.7535014632628861,0.403436513721824,cikcj,ujmdq,#34630f
1092,0.909503213109948,0.2918105541440086,jjmls,paciq,#f7c76f
1093,0.34763395412042064,-0.37974936080384114,fxcos,faudr,#f0ee37
1094,0.7679534298512652,-0.02685967381464649,xpsad,eidnb,#3fa86f
1095,0.23049491024896362,-0.38689558244822253,uushp,yjhsj,#293fdf
1096,0.9847647270720103,-0.3777698670500885,gfhoh,zciur,#cb7b2f
1097,0.5589250416142753,-0.3402819641673117,pxtjj,grsmy,#96f1e7
1098,0.3687234209493231,0.4753185844959785,ohiat,urixq,#01ce97
1099,0.34429253937575044,-0.2880247705998259,xtytf,wragg,#bfc7a7
1100,0.4623499230602679,-0.3511496122716622,kmrmn,tnrsy,#b077c7
1101,0.7313336891020829,-0.3118304966104142,omspp,ghhee,#f2e00f
1102,0.44031050775442315,0.00741904775987956,tkkqj,vuroo,#312adf
1103,0.5726101836739834,0.2403389542813844,akzzf,nyrla,#e693f7
1104,0.3500649202660159,0.0745860521639693,ybaeo,xefpt,#81a5cf
1105,0.7220978444627537,0.022514671817134957,azgrc,gnqjo,#5641a7
1106,0.023226846622194985,0.4808657527925385,vxbro,taobo,#38d4ef
1107,0.6026991261538106,0.11577871850402166,jgpmz,qpfwl,#a3dcb7
1108,0.6594875152960247,-0.3785874080242899,rwhig,uisjg,#d21d17
1109,0.1442735241025047,-0.4399234296432183,dukmf,ilgca,#421967
1110,0.288170965047432,0.370016277694727,gdhnx,xsknx,#8a817f
1111,0.44696253302256683,0.09980437634213302,wqsmg,boqli,#a2b0df
1112,0.1900357236455481,-0.1061013236359516,xafqi,fcjsk,#e593a7
1113,0.019126763328628726,0.17456291464263907,eskxe,abcbq,#ed1e8f
1114,0.5835643834057229,-0.4781294069664005,birtf,evopw,#629def
1115,0.9224004441802204,-0.49986330297807613,vqies,kgqiq,#3eab5f
1116,0.7521082924218662,0.39816105080628106,pbqfb,hbqiz,#3cd9ef
1117,0.4311403521899164,0.1352903838895222,dxntz,jpsgf,#7830c7
1118,0.2700871293959054,0.09970824380145549,mswpy,vymov,#080b37
1119,0.9603092467438729,-0.19649446170561158,hptcp,hibwg,#f2d357
1120,0.7939918685087035,0.35333538740041426,nrnfd,rwczf,#527247
1121,0.7294713232926193,-0.2927518237422442,axajs,qwanz,#608c67
1122,0.19973987549528704,-0.06404589471651323,ytemx,owztf,#5f6027
